nb_connexions_jour,duree_moy_session_min,volume_data_mo,frequence_hors_horaires,nb_echecs_auth,diversite_destinations,ecart_profil_moyen,frequence_changement_session,true_label,anomaly_pred,anomaly_score
37.26191130402062,15.36161365035495,716.7211861107305,0.176030665664989,1,4.6902680406508335,0.064058667405374,1.7531146034313096,0,0,-0.14804883446701161
37.51714924651205,21.42359201155896,556.422724553474,0.3516923169546369,2,10.008428565659846,0.1326843440967226,1.8664022066722303,0,0,-0.1080418646538181
42.22545966009245,15.32698487159537,966.8814939954204,0.2837424828348463,1,7.470635922878199,0.2450795083826631,0.6073512422167464,0,0,-0.12390038384392432
19.285188655789057,29.2607748753484,552.2428590536286,0.1361510257855958,2,6.325623724417654,0.3183260389503325,2.5564217054585403,0,0,-0.13166988706247362
23.709714306671927,20.025615972451213,853.6091289949898,0.051289485592858,1,7.970002583046456,0.2415180325340257,1.3256570464280744,0,0,-0.17524327438622017
34.435520965770294,18.99871324927833,718.0024588804642,0.1318769358065432,0,8.126270910336519,0.3717698144191415,2.523039632963558,0,0,-0.16355856083234643
26.466736045906814,14.86283983708039,786.5299246667619,0.1706942969810351,1,8.419568581167375,0.2880306842401544,3.1993367809282507,0,0,-0.17376719336080548
29.694856750402163,22.97643348710093,1080.0594974221565,0.1495854827686905,0,8.580757050085705,0.0238708973249863,1.907694606199226,0,0,-0.10837240650499186
27.893088200381072,18.59599383257536,691.1652508582445,0.0537890330663855,3,10.80886701634948,0.182418602896668,1.8389096227383264,0,0,-0.10878533810253183
105.74645011293046,1.1958607029071209,2323.3606943493032,0.8087323501220758,8,19.68213230406939,0.9628139940191244,7.37247278051467,1,1,0.034181438454963575
29.34048034868772,10.812732644466909,1175.9160391272012,0.4432172334102976,0,5.143714723441899,0.2457631589458327,2.547302674776974,0,0,-0.074189731605595
26.38544740680945,16.525541615484336,861.1808169874274,0.0721496443501667,3,8.236218205081176,0.3583920966535608,3.078533546062947,0,0,-0.13434368470138391
16.459036564939247,13.005866561374628,706.1998546212083,0.2407109220472706,0,6.882470575446542,0.0777656643130214,1.4460314514225527,0,0,-0.1582874927454025
18.532051176854495,14.088983353187045,699.2074414000749,0.1415266974369336,0,4.872420767795937,0.2160763032740378,1.6765205781233727,0,0,-0.17105284046710095
28.9839863299636,26.45608464111348,834.010386599579,0.2673634474448333,1,7.069249477518492,0.2205694990139798,2.0007086276805217,0,0,-0.1524875116184825
32.6033907054884,23.905934390859503,457.2593466417478,0.048000615283615,1,8.527395431696094,0.447281075471809,3.058780673490247,0,0,-0.11549369094258144
50.28673288392881,7.122388552553165,1781.2659919367336,0.6470007360849493,6,22.29497000837145,1.0407960034018418,11.838372224749868,1,1,0.05797626824264834
20.186347102164824,17.2324944511154,577.8561041274963,0.0898875540691427,1,7.429653012233203,0.364617826070486,0.7465423867748755,0,0,-0.1595140421309259
30.45562377035971,17.79006905701823,551.832062666349,0.0973698407018904,0,9.366454347425693,0.1961538539377458,1.306689254410832,0,0,-0.1596110878353399
25.96236505369519,14.686661734314171,938.8970244829472,0.0744097459822678,2,7.159009464735395,0.3569144263935914,0.0,0,0,-0.12731804716941275
85.56730226858392,5.115204452010483,1588.911967424494,0.7206648966524596,12,25.62466272651621,1.0140759179376213,15.133086427572362,1,1,0.09783799520304226
95.71773934513584,3.656265178232344,2409.855410179338,0.7536076295859833,7,11.286140130594797,0.6385578704270003,11.571881536230205,1,1,0.06336250252773135
25.908138762009983,19.175071530586088,739.5767132537653,0.0553446109065641,1,7.666480073044857,0.0308925927435335,0.9534626535143984,0,0,-0.13923778930294156
24.85189491206088,19.33280262980228,1067.965925104295,0.2352984020831511,0,5.542695171359647,0.2971862338031008,1.9250103808727796,0,0,-0.15570780515695792
25.69637654590537,8.234745372701024,600.4926097652032,0.0800623531662386,1,7.496547865822891,0.1919231893249539,0.925035372274182,0,0,-0.14900315956517274
56.48416433126999,6.7790824623380495,1371.6537402202048,0.673525155792726,8,23.450368381683063,0.5169675605916153,5.691238405215646,1,1,0.06359898568481903
82.20914410833693,6.611187669990352,2204.5703379113165,0.9683025804218934,11,19.482065732971098,0.9124481128218764,9.34852357858943,1,1,0.04864229164145062
34.08452512144479,14.718846352557648,747.835232099539,0.2294079238521596,2,9.13374017675208,0.16548713891734,1.4794058223195472,0,0,-0.15351026611283614
21.63483741787713,17.065936587647524,903.4194102408092,0.1020302645398135,1,7.57726430179676,0.1369099707505736,1.2113280688486374,0,0,-0.16322642768238782
32.80095786734201,21.35874268758624,523.1915950466592,0.1994939873423043,0,10.15077894811233,0.3207186185050095,1.188078340892007,0,0,-0.1421178118524416
57.731682946950286,4.9467897899260365,2916.293059112648,0.9680152656436212,8,20.07841118235812,0.9550221064928164,8.504098312634646,1,1,0.044689030858253265
18.396022425659908,23.003532927293424,1069.094179096817,0.1361827678645143,2,7.236423982803874,0.3137719497181916,1.1038695320274872,0,0,-0.13058881673910244
28.072523591514457,22.922893087184185,735.3262758309702,0.0552272286069075,2,5.318785145060712,0.2215241371509981,3.344318207987208,0,0,-0.14643167294997694
27.72921579853315,26.072520276929865,417.74171067851466,0.0722447524910143,2,4.233074976343268,0.2432770437849013,1.1880258477065238,0,0,-0.12208248376546055
30.18150830480554,12.085643721986738,706.3238610456599,0.0880726567336103,1,7.946101856466425,0.419743218133677,2.7255283730379856,0,0,-0.15056793509387195
19.582706307903106,21.66351447170294,1267.53605428395,0.1962311822296156,1,5.780198474256155,0.3743234330479463,2.60337317294732,0,0,-0.11726303232200991
29.11551067246999,21.797590906533063,804.4336112335897,0.0734214810884284,0,7.130701192195526,0.172656250813234,1.0480798597707826,0,0,-0.16353793259838095
27.891164844067312,7.983568313271769,728.1829712803736,0.3964669091189117,3,9.276831041311418,0.170621347598103,2.2819187881263123,0,0,-0.09425579621688829
55.821851925237766,17.133837528456347,1121.0868978506928,0.0703239441819257,1,7.796056059923739,0.1155897183817586,1.6904992379962054,0,0,-0.08032494603227236
15.430347007354634,12.554618027750411,855.9808266694727,0.3175679828039345,0,8.61492367122489,0.3061067084025917,1.4065273242636067,0,0,-0.14567318643479293
18.92693870757041,17.791890675679312,527.0823186882511,0.1302567994167315,0,7.500590620366085,0.1356440540234499,3.5289289948137403,0,0,-0.13718575189978627
22.37870282721785,26.6494117239474,549.9634654404844,0.0389226794032962,1,8.832020639582181,0.2459449384417765,2.202944050310111,0,0,-0.15042781839260516
53.96994006983847,3.339566562215456,2799.266313560593,0.7882803997964246,8,27.70161989909943,0.9347411211252138,9.495222596537376,1,1,0.07749109666714138
30.712003952736737,8.070859968805383,794.6091623820353,0.4010661152713554,0,11.828434624477469,0.1583858483418656,1.159018601013452,0,0,-0.07908594016471038
16.538312568352797,19.22078181520334,216.262689543582,0.162811361827644,1,10.491742672270314,0.1896109884344214,3.036515583504434,0,0,-0.11168694265836776
22.60794119627306,18.288509679968293,166.74654814162955,0.0241384100495323,0,3.7488012666810966,0.2241919290135949,2.1245468020238545,0,0,-0.10240807728195522
28.973713224089863,17.62392541636097,781.1081279520382,0.1003827048079972,0,5.81385573113554,0.4184348516124981,1.661315675901403,0,0,-0.17115671573012925
21.274161971437945,18.21158131183037,748.2130720860666,0.2323867975148616,3,7.374591099646435,0.0,0.6211966954147736,0,0,-0.07778502247205765
19.01210770754757,15.673790640384096,411.3960288829649,0.1460352765596815,2,7.323563825202516,0.2262264922961615,2.290246565667033,0,0,-0.15636827530752717
25.54022563750339,8.908853626808686,729.2533283123128,0.1201750441203409,1,4.2634621225487415,0.0301307187770835,3.729885398683445,0,0,-0.10068939614565042
24.71339168712039,14.02425744632492,884.9415807775193,0.076534229599237,1,6.575142140179067,0.2294771617444189,2.3670958417338603,0,0,-0.17782808681009504
16.432860015511103,17.051952608526065,629.2402887321758,0.0426673387698448,0,9.00676552843988,0.2103604479823545,1.8000171014432207,0,0,-0.15824806283336418
25.54850379844822,15.508272516595191,332.9115037469303,0.0885423710142119,1,6.810752414701423,0.1903582481406681,2.769245639559975,0,0,-0.1578870845891071
30.69291902471112,19.2175381251078,694.4940690760683,0.3100526707576577,2,7.159513053798432,0.2632186469514886,2.43906855589017,0,0,-0.16698511256013265
15.034089770304096,8.981142281291362,711.4280948776059,0.1139747118718759,0,6.728145420288466,0.3596652268766096,2.635530199832898,0,0,-0.151828267034112
32.45024095292959,15.077247697411824,945.805082949388,0.0822649998793456,1,6.423215599399402,0.5137694887963902,3.9482443251347767,0,0,-0.12195346686432812
29.175532524935186,15.334240439543333,1024.838876939697,0.1209428604745541,0,4.196183864567525,0.3259922743047471,2.406727469461114,0,0,-0.1463635857145913
17.735807395830314,14.816993114336835,601.7846047988837,0.1140318063719654,1,7.047790193972599,0.0142665775400521,3.3747840989702294,0,0,-0.12365804139060066
13.978645056343272,33.44015881949916,943.8002196822536,0.0469438283865473,4,5.848236575083358,0.2824258796035197,0.4946979389916566,0,0,-0.0012787549532299325
25.73408621228402,19.55833501032889,351.54137883314087,0.2608260723977015,1,7.576822297432123,0.23403148125117,1.200370175832961,0,0,-0.1597198710720592
92.58923870250398,5.966649654505606,2259.829652259467,0.7089261588724332,8,20.566971959833445,1.11716946276868,9.685096877309128,1,1,0.01609854061078453
1.0,14.7304854791463,394.2940573120089,0.2624120395937247,2,8.70684290298423,0.2852290444166286,1.843636862563428,0,0,-0.08551015876822143
41.739098205483685,23.83532669776038,791.0358014393296,0.1049613960946067,1,6.459446477979671,0.3020379725885119,1.0332670818555505,0,0,-0.14775670498646576
79.59122029215779,4.794662782868144,2729.0111940579063,0.8676616622139404,5,6.304298969312637,0.7488132456857691,8.506982429712881,1,1,0.08258822982695757
9.099448683192858,12.574100249373547,867.2912243517454,0.279614320843479,0,5.874615951119535,0.2930065687175318,1.7522861574970463,0,0,-0.13341010796616865
26.574889886952988,23.289838541696703,575.9027012379197,0.0759719843556056,0,10.654523009914028,0.2012326025721,2.008763484885367,0,0,-0.13929074279647685
92.59079278412094,2.500221377521913,1702.3516531047453,0.8342617341715197,6,12.74536054444388,0.933087530660604,7.582601035347386,1,1,0.045276969189860905
21.3148898323217,11.77652307404126,364.3844623965575,0.0605023356352481,1,6.994499517931636,0.1527847601797338,0.6439635548552656,0,0,-0.12567922425909733
19.705708281852896,22.26575980922095,831.4280153669688,0.097059527887618,1,7.119535674746565,0.153049649415401,1.060297401747848,0,0,-0.16087026894559447
28.935353372052045,22.048916952999623,1248.459893835214,0.1068504689241049,0,5.848110377152544,0.3967071635043315,1.9302465707712024,0,0,-0.12904842188781152
31.861276985616158,18.5767246616459,261.3781586342798,0.2232758082286238,1,7.561064681110517,0.2503880616680407,0.8619416813447329,0,0,-0.1417010553889741
26.9494976919353,19.246126122978666,655.2123207774804,0.1610648365656721,2,3.838498365381117,0.2419051793756156,2.8565884418863505,0,0,-0.15507782644215634
20.198264982729643,20.085490232170027,678.3652821051551,0.1569816206357828,1,8.760570157967562,0.2543585598389576,2.415550741474231,0,0,-0.17946098759168072
23.3350219971418,6.954754612010127,723.1826113521112,0.1789577114129676,2,9.916050551128649,0.3501366456290862,4.594310184774111,0,0,-0.0963699055836017
22.517865947252357,28.62480381381306,761.3787156892364,0.1983108651873886,0,5.282374544158622,0.3492929769295528,2.254341509298521,0,0,-0.1457151371799033
24.832787248286817,12.303606667008342,710.7492154716549,0.1017219751468779,1,5.956186499789942,0.3096758646301849,3.2061184347742837,0,0,-0.17051907028043656
21.47964410642413,15.818326726716863,830.845955166363,0.0522298462529699,1,4.583642352708823,0.2127059479569863,2.0472280922981607,0,0,-0.16487583514849846
19.839041963159005,22.50832274023073,385.2294775340294,0.2105927029023413,0,5.789214152144922,0.0928421921320822,0.625628595704752,0,0,-0.11465327215406151
88.74768362774155,5.006419735526995,2193.793390237203,0.7465145544826088,5,23.87557560794543,0.9056544859685884,7.985463379058363,1,1,0.01150879457907028
64.7590195356733,5.170777220269916,2505.1868498626427,0.8788052055737052,9,15.008938707442974,0.8769142159537969,14.001657236501718,1,1,0.04814669125883153
27.34457978638945,20.480609419342205,578.9328661540076,0.2652659616018671,1,6.443761539377524,0.1675716442321248,2.022102749849856,0,0,-0.1704227982894309
36.82315235793213,17.6035212081161,487.26524851157313,0.1893478631423141,1,5.949222260726108,0.2179537450240356,1.3086153848217783,0,0,-0.16876429290072292
131.1454372998802,5.365076193765352,1974.6604917511336,0.7481965748238057,8,25.1152827762612,1.0297236657736517,8.974534539261594,1,1,0.04371020119738078
24.383186324687166,29.2921469788502,716.9008160332562,0.0721736140397522,1,5.791664793368291,0.279364877386307,2.250692416022752,0,0,-0.1504945489529959
29.761256203495307,14.625199344634394,768.160556249946,0.1916651836838247,0,6.535391012527661,0.3898591004626106,1.3425862062891163,0,0,-0.1745155740506284
25.776620394784324,23.01415267239085,745.8442177484616,0.1461168978537669,2,8.840022920010792,0.1323979867747239,0.7651542863309089,0,0,-0.1341926342717234
30.00533878212005,7.845212221711083,623.296530430271,0.0210531076114709,0,8.325451653038533,0.3894625388211176,2.2611768069745093,0,0,-0.12158432229318794
27.65851209583673,14.323267857093684,702.2775763655437,0.2056355899974583,0,6.640366737239919,0.2372537031782615,4.043025801848989,0,0,-0.15256165945445793
31.60333079190424,33.360507229612764,541.9504015747766,0.096438978321166,0,8.101575470233527,0.262404511842672,2.2010149807086536,0,0,-0.1027839404425282
25.55841667992015,14.76144191814383,482.50995642679817,0.1914152982547547,2,8.177305358764869,0.2431860886212643,1.7239773514444303,0,0,-0.17062574254070262
20.204858836447823,12.48808832109481,666.4566359962803,0.2585462358433972,3,9.853185960648933,0.2223510244413247,1.596562301378642,0,0,-0.1329849888765286
80.61508324674688,5.983831076302773,2460.2509415384875,0.9525032271052046,9,16.659284758361167,0.9491716610361184,10.53886681789577,1,1,0.024588405745818998
24.12991881234514,26.6818673061224,818.5263183382012,0.0540885753957103,1,8.74725700414906,0.2729146834499112,4.145036420768707,0,0,-0.12622147002214956
16.951860948002384,21.73085977330318,659.2367150469041,0.1869776094179326,0,6.7877609688613365,0.1442602142256102,3.2089321397025703,0,0,-0.15302467215453724
8.686142577919195,14.814787362478077,968.1276073734095,0.3039209641085299,3,6.013710288491702,0.1656598451542962,3.7824542165573143,0,0,-0.07017001106398624
13.740289804987558,22.089004184235748,530.6058891670988,0.1015800971153549,0,4.755693524238005,0.1846120086347899,2.3659093379148275,0,0,-0.14522311208525784
32.32321694161659,12.837519808296284,1030.7476263887731,0.1164455706271726,0,7.470776521096025,0.3591946171289575,2.197649302899507,0,0,-0.14904321789500302
31.57522003500179,7.170707396012887,284.3010391919832,0.1286053325668013,1,7.592728878509272,0.2573932787030502,2.556735838835936,0,0,-0.1273304249394634
11.372940485158765,21.54392898415385,614.6010999209296,0.0876939239233905,4,4.831579840440375,0.1993397191724185,1.0188962860502644,0,0,-0.06711446635922036
20.501699766072218,16.67418240280066,761.3847356694746,0.2351649978686053,1,5.540670752357746,0.286873805927693,2.010017923499405,0,0,-0.18389424629286172
28.23985368768765,16.890587181342067,513.6685033699679,0.0406015666225381,1,5.558747884818464,0.2869773437115056,2.145318055325738,0,0,-0.1647981046591806
30.740338046367697,24.26496526241443,1027.9597501069895,0.1343224007693974,1,6.626228339238699,0.257775991999108,2.0552625958790176,0,0,-0.16098822254990097
13.701570389317668,14.54509055613192,742.6997984376277,0.0699484312793624,2,6.471657980169332,0.1985051469372856,1.6848996639813143,0,0,-0.1598783032665183
18.45423453413222,21.794446434333125,839.4309138050617,0.0679558310813705,3,7.058502959403751,0.4057376817403576,1.7458456473301505,0,0,-0.12118220959570825
25.60643646554981,20.28118710603578,680.577949362724,0.3836680576966647,3,5.569873558725147,0.4367224204312315,1.098504893105844,0,0,-0.1016883496566045
18.28625981421889,14.445636454566785,775.399576203095,0.1697870840436277,1,6.760117452747055,0.3393244628367128,0.553067930197142,0,0,-0.16561790048843034
20.518551678424245,9.889892366301998,605.5307809524444,0.33706179427092,0,7.712433419628924,0.092132479809701,1.585627338294816,0,0,-0.12679602377921168
30.436781991477407,25.629330569964957,772.3277302667657,0.0453970830200822,3,7.975810890148373,0.169504057989586,1.6636616463654872,0,0,-0.11227503335322708
17.821965028113347,9.987933847739392,398.64334449260286,0.2665026826290742,0,6.746527928428187,0.2965773318490823,1.5550523695378304,0,0,-0.1333926475025755
16.50157029019116,21.79669119663771,787.8290869731615,0.1477104880253303,1,6.731688715815472,0.445085180236793,2.126412829433617,0,0,-0.15975339420696577
22.423507870354594,12.900933783211247,377.8375263538396,0.0217787875662913,1,5.901280290129117,0.1278922535911932,1.7264990182000348,0,0,-0.137658828468176
32.77256760763484,13.614419760348486,807.0303616417644,0.2923745561294806,3,8.540500895942133,0.2195077787642672,1.6647927467405812,0,0,-0.131202002944536
23.82354094798289,24.48468435332773,1060.6056971976948,0.0865878626822493,0,7.057581627476964,0.3479185435589733,1.7254877004510756,0,0,-0.14884264411024356
25.88738071767893,16.50578376266173,364.8988809475696,0.1213483118914246,1,8.885090456906944,0.2818796691158934,3.8316222846583865,0,0,-0.1378261095384964
90.2796363193865,8.087395521984828,1874.8421600689533,0.7424775773845518,5,21.365592171468226,0.9585549291593064,4.809211808546965,1,1,0.04592881074477695
30.29704539616837,12.129763334309809,1006.240502995812,0.3590405995595439,1,7.33968939449806,0.2164900521200765,1.1710835659937944,0,0,-0.1250282662264552
19.773366139410307,10.493318541688184,383.1888058292552,0.1102323037445564,0,9.429947022584477,0.235056851398891,3.282135740360131,0,0,-0.11217551976262513
26.491634518155426,15.751075154702416,429.9262806698617,0.0424580069280795,2,1.8231667355916008,0.3553920911406453,2.867193061918939,0,0,-0.09861389074585791
15.650575699043744,11.951482134495576,593.5451165080492,0.1288370768325956,0,2.533442361288471,0.297143986649484,2.959440532083089,0,0,-0.11217667717477353
24.07481374089408,18.46420984588571,843.0442591509054,0.2080397376036166,0,7.168647654484468,0.1170814866655117,3.667382342938617,0,0,-0.14258856200675596
43.51726853338807,25.47651115498577,943.2157052507564,0.2407009846526953,1,6.334685638873655,0.3535128916176733,1.9007996470684436,0,0,-0.12226425839574684
25.104015135023257,12.062371078448514,357.5519822948548,0.1934772880289101,3,4.877412936577036,0.4032933370535557,2.661102535734969,0,0,-0.10140819424882441
25.775967719941747,22.246511612732853,438.7283478135072,0.2106982679389212,1,8.193724362148526,0.3247072843846552,1.994895424434736,0,0,-0.17219253638605125
26.85802957728803,26.133827152829703,757.3482284812595,0.1198818297878467,1,9.363522791322987,0.1842212610704423,2.357722769472242,0,0,-0.15040857628479648
26.7316687166558,11.225689372696625,792.8225659317626,0.0293331843073141,1,10.242453759452456,0.0691643567582587,3.1553004115216927,0,0,-0.1198926165914243
16.378041776565553,28.51362266054173,534.0593129957413,0.142880550290632,0,9.583270453520893,0.2176067499047781,1.069694302145555,0,0,-0.12394531123361391
25.925397074342868,20.00674073992215,632.8505650419731,0.1021502079982555,1,7.834790261467834,0.3220772084838217,1.0398712613517174,0,0,-0.1804190996777844
33.43041641627922,11.360844547549975,669.2902818058618,0.2696947593365152,2,6.79655994889391,0.3455323802124255,0.0,0,0,-0.11320148634007504
17.075709398954494,19.4136873486514,708.3607651970041,0.1817656421380462,2,7.326810948044807,0.2119003594066609,2.490079628251496,0,0,-0.17319567971707506
30.02676407411424,21.724032585304062,1186.3150603500972,0.2767764479893037,0,3.808726478220634,0.169524065338126,0.5494502267512957,0,0,-0.07419660954267016
39.818225476071504,12.266757356397443,1113.85455527693,0.206721881779069,2,5.87643501033997,0.2402013553279308,2.022450412277661,0,0,-0.11788910040577161
44.70593689988229,16.043858806992954,548.3786800202951,0.0038339079602846,1,5.218220776115883,0.2532330232795574,1.491437746724319,0,0,-0.11679517053145372
94.64973236838736,5.172860378175084,2031.4712569776875,0.6023458911548645,13,15.10037212608878,1.1573861446699043,6.043094505092467,1,1,0.10906850797349577
13.513102790564483,7.738989644060247,761.8621132732627,0.3474324740011731,0,10.676201415923272,0.1865268109733394,1.7640300849539,0,0,-0.09929501525220136
26.819679476833038,18.42939742331636,1070.464092120731,0.1770546613242076,2,9.394372969244856,0.1493409583590229,0.0,0,0,-0.09789805591264378
22.526300993190283,12.816055381921103,800.4857082138325,0.1455145383085056,1,8.480814244754475,0.224455978584479,1.9408014255913972,0,0,-0.1803564678610931
26.71274995304163,16.442451891818372,860.0784996001355,0.1307566971725606,0,7.762488532956145,0.3431934542316309,2.050371896672997,0,0,-0.1780431622577081
20.64493820379854,27.8698062810077,962.9102583634652,0.276415838549277,0,1.5554445181537109,0.2250190100315754,0.8361422822401754,0,0,-0.07298699391974645
27.51397866076219,22.545046260283836,741.0540070943988,0.1259719792654186,1,6.394077246251398,0.3604941922230972,1.891595207125217,0,0,-0.18352858963188395
15.017734544281204,24.61981129209913,1236.74552939464,0.1420611649522347,0,6.71142411472652,0.2428353114188351,1.7130303634876372,0,0,-0.1232525107724336
24.42391902735733,21.005503125746284,551.1936935469607,0.0635529086063049,0,5.852139984065285,0.0853136141707153,1.7664875424151016,0,0,-0.15772218133025084
29.120381490448384,19.18850856460713,562.7708286469228,0.2080431180427189,0,10.026672556711452,0.2517455465252656,1.2667313161958234,0,0,-0.15842414366195273
109.253604697726,4.4458937994418175,1920.956824931663,0.9526835878554338,7,21.95563938466363,0.944767772097216,10.143475959354047,1,1,0.036129613116000714
21.86313477494274,3.170132999236264,479.6435978231186,0.188218440117561,0,5.555462232692227,0.2744210902546752,0.7419753047712145,0,0,-0.09896686018778772
33.25972208440918,9.549232221818642,408.9202454503504,0.1638665829814014,4,8.728487229468453,0.3446928468357056,1.5353405477954585,0,0,-0.06607347788434931
38.05929043145308,18.68536589197224,1004.540020072314,0.3052958803965454,0,6.342111829285395,0.3581721694395093,2.295987904842962,0,0,-0.13788171456884862
13.602014510292346,26.20124560466715,545.9734207133819,0.1365848030054588,0,4.49340874539347,0.3819635662243719,0.5229851371855718,0,0,-0.10011065895011828
30.490081522996107,15.943874435517907,840.5206488464206,0.1808810715049131,0,6.751145353787163,0.435897769444342,1.1395159266171646,0,0,-0.1618283713173404
24.5237971515056,17.419721328777644,1204.0073659699633,0.0696740541459739,1,6.825487973634108,0.3821061738353467,2.589118178772656,0,0,-0.13207955137267197
17.280612315359164,14.894332205782971,493.346213359874,0.1282204729344782,0,6.676888032748223,0.4128938225643576,1.331248286422455,0,0,-0.14845812124952518
23.126904344406555,13.242763006425935,710.2160405943528,0.1390127251033624,0,9.813561711576078,0.0,1.9883396441111845,0,0,-0.1213127617540331
24.72230584235805,5.771252788932877,556.6880392048214,0.2432997869129675,0,8.865487216691157,0.2571880935718875,0.503985442850573,0,0,-0.1142368216168182
19.24124633284233,21.233460262107958,464.5813514082464,0.1744619738992285,1,3.655500450865363,0.3475678345438153,1.427318359840701,0,0,-0.14977442383192247
16.89735103732461,21.68500020026055,833.7372321376386,0.3063171632611917,0,4.954829299455817,0.2369262933286761,3.3453812476277207,0,0,-0.1426450197177761
53.476283011665785,8.176588304109888,2037.418633789188,0.8307744493379359,7,25.43855213078933,0.8747422616290721,12.081769699573774,1,1,0.06308036701344466
22.690730888638893,15.127508270019137,792.1841820605299,0.100710353600275,1,11.296965698297551,0.1617034601553224,1.142432425853856,0,0,-0.13855389638439636
37.184238851264205,21.024279093107065,981.2594097736056,0.1244985030747557,0,8.874654583641753,0.1819117095492101,2.1366718711628825,0,0,-0.143167253908569
21.117091617367173,2.094181149641928,744.2417902772928,0.0796918497317779,1,8.569563168028377,0.2089873754815243,1.2491005290389146,0,0,-0.1129969769833773
29.98279945877999,14.575522237503142,502.3370440059718,0.2016058555019534,1,7.099342112600529,0.1133552373105936,0.0,0,0,-0.13070172762648063
21.16660609723768,19.62274095467903,841.3990071708597,0.0068305002898823,1,4.533004832110193,0.3177181686725047,1.9928763877916635,0,0,-0.1489594407568442
9.649830277607668,19.73864914137848,989.8266944395516,0.1134200289963073,1,10.139732872519934,0.1740493338593551,1.7059015261943666,0,0,-0.1169822903942424
27.593330819907536,14.238197653273396,516.2236482828534,0.0431792264476765,0,6.940516691689233,0.3594671636380276,0.9869704883771622,0,0,-0.15317214019948894
33.4673958947967,17.90146262356349,433.8671565749563,0.0681443221507081,0,5.0391851804039245,0.2255719060223465,1.1225452599968997,0,0,-0.15195488047894995
22.666450001653786,24.717449468607462,685.5349425639426,0.2824328978812634,1,7.048814679066324,0.2612321165469812,3.148445956533724,0,0,-0.16316261063795534
13.959188334280867,15.844247455277642,633.4566689726117,0.0957219088370435,1,9.83647756581258,0.2819592649795004,0.6399453455823989,0,0,-0.14438975038189267
108.02993066285464,4.151792368831802,2268.95826045903,0.6314039473814439,3,10.21330705433005,0.8853711924381565,10.060319400607296,1,1,0.05903343644339354
15.792051380621578,21.4593417783346,577.0371936002506,0.1641996178615968,1,7.030454041234899,0.2723091225059894,1.2667349065136462,0,0,-0.17612250906205712
31.13947783322327,11.788546065483755,864.1757845259885,0.0663647487037212,1,8.216457790614625,0.2598498348024681,1.5392249862683471,0,0,-0.15963980129835453
99.8836042856159,5.453423372681132,2032.9559206123329,0.9044023931798222,12,25.24432070937681,0.8432130385180269,9.866915633465316,1,1,0.06494853220084784
27.06040312578212,20.36671285426978,930.9015973702536,0.1673214040405954,1,6.59416507397911,0.3573249400925998,0.7285888178259246,0,0,-0.16758892963090155
9.322639008961795,11.51071197831363,855.8384184058577,0.0835905635299194,1,6.030418647286214,0.4008247403185002,4.273941038677201,0,0,-0.09582055670583178
28.7906633672943,10.532071780131496,958.0003842370602,0.1727227620357098,0,4.950015372362474,0.3705095653450029,1.3488971029859296,0,0,-0.1411650744243746
106.63275117903154,3.798977963629672,2694.974519984271,0.7815835332191439,5,21.91326775738746,1.1038784241246038,6.858527293929207,1,1,0.07010434857904657
34.142582516120164,6.775248473844865,629.5235921972495,0.3965257853259846,0,7.976209635438611,0.3557016282948135,3.285385279014271,0,0,-0.09413952650448199
23.46111228175102,25.20728353298367,1081.9120366963548,0.1420847903521106,0,5.295596737356833,0.0,1.5160128837191211,0,0,-0.0939413253286942
31.61746599228819,14.93270594141289,591.3735517045112,0.1970861272764218,1,6.471924476011198,0.160717040268192,1.4100223092473876,0,0,-0.17697011964427395
32.67416660868165,15.822968637362044,630.3901410671435,0.2511567079567035,1,3.7342443230192552,0.1757225155471291,1.4058843695120156,0,0,-0.14600966241013225
18.142739548669734,27.17730191676368,623.1633050499456,0.171698850935373,2,5.385720034041327,0.1454785637679289,3.0232009733479863,0,0,-0.13399962341920862
27.07906235398739,24.225239665547395,662.0219940130197,0.1198870454458865,2,7.557983589496948,0.2789653698209758,2.034866882779146,0,0,-0.16516481899409297
18.81592172915627,24.392882250392105,971.9404985462962,0.2746447306965099,0,9.289519222904596,0.2312563024689138,2.188233272701134,0,0,-0.13710195008399584
17.812682629213135,17.703217742085403,785.4872929968121,0.1393396075563945,0,5.171437378406717,0.353389078906839,2.4794416917432684,0,0,-0.17216394562981163
28.082539037830696,16.363658581513977,682.2423523761119,0.150005198844862,1,10.01891538681538,0.410409125347724,1.672262849732001,0,0,-0.1546593644315094
21.39947622816605,26.52302548793913,818.0321655854888,0.3001308584383001,0,6.272593767798969,0.4023525312229039,1.2730510409826512,0,0,-0.13863144476280115
28.696827794106166,16.896099981883925,638.2514830893097,0.2991209435725105,2,3.2465625386345267,0.3540914082807374,2.056926420870776,0,0,-0.1255810644051088
103.33412121717218,5.612877668510336,2522.5189277244986,0.8852057167446963,13,19.853917970730077,1.0348003740508762,14.135402066361424,1,1,0.09877698898400988
35.45714203425943,15.1340553194093,599.0454621688332,0.1284687506862915,3,4.047865816456556,0.1913639314028706,4.112349709485754,0,0,-0.09028614153972214
21.79023622491331,9.086637761778167,388.9828106809044,0.0181910962010391,2,11.40845793859128,0.1456385589864363,2.4713524908277287,0,0,-0.08487888063569948
33.02826318313619,12.134668531208693,1096.2068952403797,0.1818632154799677,0,9.18647421516442,0.3104592344702505,4.638175256620599,0,0,-0.09912759817966982
29.567124085545338,14.558027958718585,658.0498718320638,0.0342861040549081,2,5.917749254930314,0.1346267209275714,1.11549692693998,0,0,-0.1494211258204305
23.036895071977035,20.88605539042028,597.1057357113839,0.1476901642244473,2,4.780094325927502,0.4149783686240802,2.584683281917922,0,0,-0.1442151137581434
104.81090731748871,7.381492232050495,1322.6056289388066,0.8995996069619827,5,18.616641141404276,1.1352273644290989,7.764496689047949,1,1,0.07708618554585145
18.861219496895604,26.72030686270621,731.177721000779,0.289626862811974,2,5.91979381280243,0.2989083878150743,3.283379165046651,0,0,-0.13727134259045032
12.244578729645063,14.261156841451411,553.0201001985292,0.1047491024720985,2,6.419925120787255,0.2318108081486628,2.221852516803045,0,0,-0.15080686674244204
34.30531001723968,9.910887467365722,722.9242428694128,0.0993150634597276,1,4.664931569374608,0.3276646028394147,2.110267518584657,0,0,-0.14600422527413964
24.404432673870662,15.47409311507842,582.248253456675,0.1436771436838796,0,7.440703658547091,0.1953191910427371,0.7527073549698466,0,0,-0.16507965536000568
39.12363392224877,23.54416211524141,1050.791113909494,0.10058564832918,1,7.947868198422702,0.3622203567697715,1.6216481174002335,0,0,-0.13563329944671232
31.254582974218483,14.939901606871516,894.405186247068,0.1677059600424804,0,8.723633606437648,0.2545871444884565,3.9968502186888513,0,0,-0.14417089910960718
19.38357524898118,21.178825067491697,645.6209758454687,0.1896038193098216,0,6.968164309995515,0.5011539596870143,1.076393037391208,0,0,-0.13916651382998735
19.559802227372074,23.21763552063396,808.6866409822026,0.2814283525751836,0,6.113810252087859,0.2645080649509244,0.9159295150957708,0,0,-0.15612673591956788
25.10073920625436,23.337784773740623,501.1403188777463,0.1083870066121718,2,4.539723512483825,0.0544305092679004,1.724610041181926,0,0,-0.12533664521799753
109.77308958733036,9.10897688065716,1785.2462205589914,0.7545850257311741,8,17.334547989920836,0.633090160423917,10.138019160209025,1,1,0.05786885910354578
20.85383825381082,10.73390280142526,689.5035016487644,0.3864115622654515,1,9.059765078260662,0.2524763538095803,2.687564351994137,0,0,-0.1411655551218493
22.32399011327241,16.14272136411606,703.4273904679228,0.0907942851053199,1,4.625069196523123,0.1883169122877729,2.33246808375887,0,0,-0.1740642115927185
28.302247415491987,18.775327091851366,453.67262318224834,0.2408330067778871,1,6.709846808592736,0.1819504056324993,4.0277396931480585,0,0,-0.1411438430938089
18.43454145318632,11.24706571620974,317.2629686688181,0.0935342940951788,0,8.067295990737774,0.4685711664614154,2.3821305043966348,0,0,-0.10232523306021979
15.856237617355015,22.17723818888051,776.2274646975584,0.1417812923882201,0,5.334589562789095,0.0732989634994449,1.966235218602346,0,0,-0.15022045161719128
19.27757032592025,23.614070358884767,685.8895637495416,0.0085428955014908,0,4.729066608379661,0.2375020269685784,1.943059541275207,0,0,-0.1401407077876921
4.042039167282045,13.4204450607449,601.8396446927485,0.0271238219043817,0,6.979668558514447,0.0795131398269383,4.215544616204765,0,0,-0.06357417873300869
72.5241075751762,6.253909496512265,1977.665466150548,0.8275685623378866,8,28.217707545602646,0.92271045719276,6.979217917164568,1,1,0.04213100845754825
27.581748482704715,25.534536753441124,544.89739173315,0.0571487285402554,1,10.241951932498775,0.3966873290154686,1.497883820135955,0,0,-0.1188471683230522
14.91292836531964,14.863661876885764,481.8936831196124,0.2687855279113348,1,10.037436705433588,0.1876649319709738,2.0505363427929115,0,0,-0.14512120615858765
31.015464261494195,15.890919095752148,793.3165082084216,0.0538186012133431,0,5.263872186649539,0.2698794588338853,1.37441936231196,0,0,-0.16773422067139443
23.25855037418224,14.546173042573356,426.3500882139173,0.3141964190460815,0,7.88704747692483,0.2008262151209272,1.575277783861279,0,0,-0.1483125334864444
30.037030735388896,9.560033418910669,1000.1108945942458,0.1354672068253707,1,12.003290070270223,0.0987043233399732,2.6138663461407803,0,0,-0.08788633851066374
21.126127417069988,21.63605970807384,922.1597596553796,0.2042879520106728,1,7.393127095284929,0.3722065274196185,0.550849476887113,0,0,-0.1518371602513921
24.847870336778488,15.393022635406108,970.0871783441244,0.1277244818996208,0,4.871556979328985,0.1263479663653328,2.6528238755197853,0,0,-0.14671307068577516
34.902530495787694,14.814018269989097,770.773517363123,0.1829917969383041,0,6.790416166210544,0.3294301131977006,2.831119997993905,0,0,-0.1698481499246961
33.71160477573893,13.33309987445475,447.8040135358887,0.177136644656275,2,10.87997678295267,0.0007656872069935,1.742448428854696,0,0,-0.07760988004502378
23.72049176029258,15.226348267769746,782.2924453664659,0.2051005567073063,0,9.032187043293934,0.4122174918869854,2.3644797278464917,0,0,-0.15641444755425188
42.1515527146026,10.667233146648329,646.2855402360573,0.3662238324949724,1,6.766979243306036,0.1999613909879566,1.6448783445095012,0,0,-0.11680873928418528
8.008834205521545,11.975155399487592,855.7839088714899,0.105503741552093,1,7.657865787848197,0.3858582869617828,2.488927239639029,0,0,-0.12977939104917346
17.147930791616393,19.02519262876765,534.1277904493312,0.3405485332231829,1,8.260297552855723,0.1110400836566434,1.3634946373504706,0,0,-0.14280044309208106
26.67090876003804,14.12056269454484,475.3287802312431,0.0666788364940599,1,8.020455290339214,0.234718888293264,0.8287838266227303,0,0,-0.15885873807405249
17.929140510390937,1.8186801423505687,717.29974186954,0.2830012514428022,1,6.51934352513397,0.2922108593489906,0.0,0,0,-0.0733570309680292
15.153085468528358,12.863497044546795,930.361626574674,0.2624708973995449,0,5.868977423564708,0.0505871156520743,2.517520099157428,0,0,-0.13681294394775328
30.5211519336889,24.19106723681181,737.2593812879371,0.2700150908637085,0,8.853733771503917,0.146928706873388,2.969548066889097,0,0,-0.13831231901372948
15.39762874355379,21.558607547810304,661.9241986575487,0.1941675439910713,0,8.505364630572114,0.2093757551130472,0.2921620738604558,0,0,-0.1354304704282912
24.55561840882705,24.65222148349745,737.4915689226073,0.1179870678974573,1,11.2334936429593,0.1650670514170591,1.1696994680157924,0,0,-0.13082006584861783
23.78571923971533,19.536178405883252,483.8527734215719,0.1517749293571809,0,11.969939907173307,0.1738570245574416,1.4657597280370736,0,0,-0.11685762802273103
32.80436101697887,13.014299301533772,798.4958832038093,0.3337276227208958,3,4.916304909118942,0.3234598128302995,3.314814644844281,0,0,-0.1117179327807819
24.787888996406267,30.45240479187263,743.471913032328,0.0657018149695047,1,7.137274096855431,0.1778815443148544,2.2708365158339547,0,0,-0.13143148842182506
29.10613946490685,14.538648782861108,705.9148845787968,0.207598482291179,0,3.671046529333556,0.4780499306477608,0.0,0,0,-0.08876671809077985
38.02892436457034,21.503569111955784,565.0514140209932,0.3565784089110811,2,5.823691286024499,0.2105527306571978,1.827669843275434,0,0,-0.13194690383559815
37.63370252405913,17.357817840272652,400.83164898441777,0.0758623760665526,2,7.722831047543959,0.2218197619313276,3.776087280380065,0,0,-0.11885055656250093
29.15477211392938,16.878770135031846,822.8319207547789,0.2289049847819734,0,5.072833110939917,0.1992266696770243,1.9489393348850177,0,0,-0.17151986469174624
13.415325268021409,17.76266907686007,707.4983630170298,0.248855070895228,3,4.529439010467451,0.1966145070607965,2.890522177645469,0,0,-0.12356816175506119
28.303451634204997,17.579005731248117,825.1762774207606,0.0540608699165342,0,9.355089449539172,0.3398617839598647,3.332076192716774,0,0,-0.1463327728334422
15.469572022378811,7.327678506574328,819.5920340107751,0.1381749773555124,2,9.366647620886312,0.205757701075643,2.7683339922903145,0,0,-0.12878500398194864
27.00394280276701,22.541931699872112,562.3762056679035,0.151314095341925,2,7.595209885594245,0.2762214732236855,2.1347074681028047,0,0,-0.17079612172145908
36.62827261725853,17.24527847940211,605.8146645874992,0.1390597336328267,1,6.909070047741992,0.2532707756268768,0.735232716814481,0,0,-0.160909391897118
39.65167012683483,20.294458477104303,884.4679703793612,0.2053250367047594,1,10.239649209965297,0.2389464402992318,1.8482662415794924,0,0,-0.14242136300349967
23.21229771739319,11.927373748438995,784.0257994909417,0.2943328589453576,2,10.090514339509486,0.0778824174710275,2.496812507135921,0,0,-0.128825480835076
16.52629182488839,13.098385974076583,650.5516115836097,0.2092171844962583,2,5.72915378632849,0.2201593728076156,2.021865742182223,0,0,-0.1669767708951012
21.292658457500306,29.78835079749833,632.2887883103398,0.2053898496769528,1,7.145449254806575,0.2566592571751668,3.3640819374650173,0,0,-0.14179233290809928
18.28222526255379,9.933296933794338,729.3789990521021,0.0965588931965674,0,5.997507723533042,0.1926660160784054,3.023776301620816,0,0,-0.15448545701922295
18.58178184622705,19.52652505980728,557.6739089047737,0.1937617113866007,1,7.639265351834953,0.058978807121353,3.1302197718374813,0,0,-0.14752406762415715
27.85690057209397,8.030879626386241,793.6006635926923,0.1462959878683644,1,5.9657258391024754,0.2646509200958443,4.107118523206022,0,0,-0.136335217599782
14.374511608812556,28.12284981043539,753.6361570296638,0.3727843429255102,3,5.009192793950505,0.1902635234462517,1.7604076753462912,0,0,-0.08450097042912907
35.44383045723463,24.895639957714053,635.1110707757539,0.0253721053796364,0,7.009202174194278,0.2595735833866563,2.7495817433076555,0,0,-0.1408520618334715
40.17434386123158,22.35459974339215,955.3818932232742,0.2371269235476506,0,8.602161927576372,0.1820266772399619,1.1734848287539443,0,0,-0.12355025342077641
86.22579743014828,5.442986614265665,2533.436172537896,0.8248443530492918,8,18.127329246248745,0.9714976561200837,18.472991773009134,1,1,0.06030398800804404
32.196799003466005,19.12060058686247,695.6796842361301,0.394542315801306,2,9.23249278103625,0.3495781228377528,1.684797073836521,0,0,-0.123100696065291
84.85613910787137,3.5291021592159133,2220.3070434827664,0.882721438484202,12,13.25911477286255,0.7783659095699625,11.079216925380363,1,1,0.0808024435656437
25.465669747568,16.61439281874793,901.592088434546,0.2778330853009068,0,8.487803353760587,0.2299525390842121,3.208682010835303,0,0,-0.1605533632707017
27.458396167012875,13.467702405880065,821.5477899717725,0.1511930095975218,0,10.016095182838306,0.3029306211790573,1.761847064956142,0,0,-0.16138918209218117
37.409215804180185,19.71519234434943,465.67499412341806,0.1775109220008375,0,7.33407400145271,0.2732871307740251,1.0735329817588828,0,0,-0.15709746894028248
15.104394312975344,16.380750388239772,843.5110332509523,0.4409077903717468,1,4.501209593880944,0.3279029867630129,1.911876158993305,0,0,-0.10794721742044755
14.438134343834864,11.263667870626207,698.6643994612235,0.1582336565454944,0,6.673547143538187,0.3472617642707742,0.8657195468537664,0,0,-0.15488748228321858
14.43634709532579,12.127417705306156,353.1937254634651,0.1158971499919607,1,4.7840339159141845,0.1389574250747557,3.5885072943536294,0,0,-0.11283022155544903
17.48096170938116,18.880282118599936,905.5503804726402,0.2390840446712934,2,3.636845800465119,0.2604227939128407,2.2848252786236363,0,0,-0.1378111301751649
29.70653765187661,23.896145903673084,650.5807070006546,0.1285206174370721,1,9.505231439239116,0.2125467740612716,2.1509109636250696,0,0,-0.16405675588086344
13.785191497661751,16.685396827146814,1171.29947889461,0.1502926594639267,1,7.032631203371554,0.2262288957854121,2.588245445951629,0,0,-0.13745717963166998
25.781408788390653,18.493703935652544,538.1834126302514,0.147231105259451,0,7.385120469065252,0.2814282755073036,1.8161307001833795,0,0,-0.1806717725881356
27.368962216516607,21.46243276308324,1095.491035906895,0.081068646718219,1,4.8873440013885165,0.2650288631576774,2.931269595995574,0,0,-0.13275722183835587
26.477070868258437,20.00197263172169,691.5281367098444,0.0444840299468852,1,6.338043652772789,0.037631698267517,1.9980943670112428,0,0,-0.151190005594095
31.819466678369796,20.66557986891624,854.2580033083976,0.4066550803242884,1,8.899045835922017,0.2419294347782872,3.157553191675312,0,0,-0.1298925886195103
8.460463199680987,24.400048137534924,796.126397344197,0.0424461404112544,1,6.709497411490023,0.2051196198837218,1.6886521128873024,0,0,-0.1261346718694708
27.088442177439116,16.781727683742044,840.9854294787422,0.1913470057847978,0,4.882992558008375,0.4431940374759089,2.731909906172367,0,0,-0.14914025458270974
23.860964119829653,20.828493338318424,697.9938207382752,0.2778143644839489,0,5.989966299265328,0.0566709928334426,3.3087166789222824,0,0,-0.13525004167856763
36.22235448748879,19.961564242584977,694.6419897025838,0.0442280110271773,0,9.891729319284062,0.1742873153183949,1.8769484090101003,0,0,-0.14676511521903707
28.85977932194548,15.43871358031548,1156.884556383385,0.2473717463991491,1,7.243629411549716,0.2331034793337489,0.9708330892540668,0,0,-0.1393611942550831
33.66440994540221,16.386667856671018,1159.4424350517602,0.0604125804959731,0,7.594789707062216,0.2670202049493365,1.8986750837701043,0,0,-0.13647415485322523
21.20043751071235,19.956798133452708,458.8194808830556,0.5074491542892355,2,7.363026663015109,0.3075904436932336,3.0065957152777,0,0,-0.10784894137525242
25.938619066470256,33.79429238902435,708.9301720648541,0.1500154104844503,1,8.013754912781122,0.0476346021987832,2.609175233440241,0,0,-0.09360398861258556
31.50289695071168,14.33089318204831,749.2611094942255,0.117026430641166,1,6.501271796748108,0.2033696022555087,2.5841314848188115,0,0,-0.18220024293724396
36.80284973559642,14.903731630695756,883.3763715539634,0.3041966197868275,1,6.3467530218288655,0.2126570304983819,2.809956813352508,0,0,-0.15510889016867035
27.73404780621728,27.303002956884463,296.0348179172748,0.2489982597730238,0,6.207707820125357,0.3846643431434481,1.0828445086289515,0,0,-0.10267923545998509
21.24659478316236,20.954707584048894,678.2442762979487,0.1238508814247025,1,4.351826340268227,0.2754599769870919,1.871973132016762,0,0,-0.17344480516127914
42.06426699725013,24.17493382395386,482.2818099545257,0.338797972861458,1,6.265859188036655,0.1508709618359678,0.0,0,0,-0.07567592091980785
42.52364500647983,4.733188145952688,795.991207328287,0.0610544600640893,1,9.601053717192013,0.1597809559527834,3.556307388480274,0,0,-0.06795133980925783
30.978348840986094,12.144760482136004,726.9054506671024,0.2146544261790939,1,4.17541136014029,0.2287498635308835,2.4451042548327067,0,0,-0.15469536195718392
12.098273030482789,15.77135480402525,448.5389191992936,0.3293973162303995,1,5.861945275449613,0.3482178986766688,1.189024366074277,0,0,-0.12655516043751158
34.43437747251061,21.951265636036982,565.9073155249578,0.4573032572810043,1,8.117301830027621,0.1541023756465552,2.144907969330904,0,0,-0.11277429047110399
25.65499311509058,24.54904111153477,931.1439671216748,0.0316481693776983,1,8.24304369723178,0.2784475629464472,0.0,0,0,-0.1145980401428871
20.972194767070405,24.86252425924157,474.9856356563508,0.1067325511623658,3,5.515503972867595,0.1253735986065569,1.4448862636722877,0,0,-0.1016487951218551
41.4859833990559,16.938316635035704,712.4629834773635,0.1820619722151928,1,5.177329393815807,0.394985351977335,3.857928760058249,0,0,-0.11950803865240606
20.01840384143525,24.08622039010878,486.9642199300002,0.0380365266373818,2,7.693272393131678,0.2608803709705408,3.2570797684810704,0,0,-0.1315267992351481
14.564243995961174,26.29295394622516,908.9019097970912,0.1373159097720665,1,4.457158445749728,0.2245896545964446,1.8268161606038256,0,0,-0.1436701859508679
31.978565093765425,27.477432874384277,1210.2524987959728,0.0384645887638818,1,7.248313181942606,0.265087187127547,4.205529568265414,0,0,-0.08325824747890653
21.055992522729337,10.322538199585791,406.5143911179951,0.1785952982457085,2,4.007601691847997,0.2764584536029111,3.1375390131506347,0,0,-0.11817284172533465
16.97976508289753,16.144967259188164,433.8789758879348,0.3377954852228036,4,8.990422444954797,0.3175509997679785,2.8821137720755066,0,0,-0.07546802450555007
27.85612388772038,21.105954122814737,349.5413786230328,0.0605811740484231,0,4.451014235001955,0.1697338609766285,2.868663042355715,0,0,-0.1331878871480882
11.29492376727298,19.735011863446907,902.1968262573092,0.0745685551527348,0,6.814034416820998,0.359048472490764,2.800765426739591,0,0,-0.14375866830491818
18.42223683546855,20.57770931479552,616.5918969827528,0.3830196855773071,2,5.958272669698287,0.2699485299442913,2.112657688750646,0,0,-0.1400558115889865
25.481841679528213,23.226748220590157,1156.5573919775584,0.2242426386248992,0,5.721538877439736,0.0782938051557951,2.4334728316423724,0,0,-0.11280144902392997
46.76135333271695,24.565149110825693,887.0487832649684,0.087554030554198,0,6.573055728001163,0.2605653825026061,1.0336159307317996,0,0,-0.12153014139010576
20.26742888931336,19.10901674216924,554.1617981387914,0.0655716930392758,0,5.348031643946968,0.2180830085397405,2.3909405982809195,0,0,-0.16759175479555272
22.844745324443537,15.063363344890668,653.0425683953542,0.1454955220548973,3,9.109718138421773,0.2722235636630524,0.3694427977526959,0,0,-0.11682203502681576
51.87455355998589,5.259663832576065,1611.6640854649684,0.6764248557385433,7,18.730241468013823,0.8160680572065797,4.760599823262899,1,1,0.0350642063573936
92.65575630154127,2.5815709390336403,1888.6262199990467,0.8958252992445073,9,16.380176347661063,1.0060548539416176,5.517886620130748,1,1,0.04773751627136602
23.00828681216741,9.724084631912836,684.4902688269999,0.1194047640931544,2,9.035372825472718,0.2778298979127832,2.0841064878884907,0,0,-0.15086420736503758
19.787197219153462,20.936247367367507,799.7775463330755,0.1898433292905713,2,5.138671564079226,0.1728288779819459,2.3000568255112896,0,0,-0.15895494252699588
33.79021481589752,18.732058887872167,547.5608564849003,0.1364718605987405,0,3.595742586923224,0.2014465961360502,2.4999666922598496,0,0,-0.135743980599198
32.70700903395458,32.67451187770096,620.2629928913109,0.1017750905214831,0,9.820427609628815,0.2117772761433848,3.9988717359397135,0,0,-0.07154716564094288
18.733973661310102,15.243834602758536,430.3315541394849,0.1633794279165352,1,7.806937836215835,0.0926550239897781,2.037626323845019,0,0,-0.16260656639425608
26.229800847564224,17.674230800893127,260.39584940293634,0.1034764196417434,1,3.6602646666525382,0.4056881836546692,1.1820729064145337,0,0,-0.11076406514335241
28.550555425169826,5.508423552697668,915.9884071381508,0.1014183026583668,1,3.708814771916372,0.3263334150933876,1.801515541484939,0,0,-0.11247777777011803
25.36457471923051,14.85287840232136,1055.0164791929024,0.198841843243659,0,5.69119620966297,0.2903436862871291,0.6111229903669859,0,0,-0.14563560695894906
27.4123787386689,15.551547761870692,743.5403723617825,0.247985612166707,2,4.074467385777759,0.3091415509286386,2.123661495151261,0,0,-0.1571854653944023
31.32825557634437,18.11051027513731,815.0238073678099,0.1348811738991146,1,5.975189570751764,0.4131571737654755,1.601563840651221,0,0,-0.17204693790693087
23.292422786305224,18.17853683697447,357.702957835202,0.0479766382476751,1,5.3679242092114565,0.2488276496790806,1.1009874446156989,0,0,-0.14667215388457594
21.22454507368453,9.554929831693071,1059.354937106241,0.0377776560751436,0,5.891324065373338,0.4218407072648461,3.5825549693125325,0,0,-0.09050535960992245
25.041949597745464,14.175677236160894,661.50885352701,0.1764944297282443,0,6.185237265236378,0.2627092748842797,3.0338053760086243,0,0,-0.17970116072620979
35.8309789933233,32.731800839465365,636.1396002784967,0.1219598577823105,2,6.508242488499132,0.3699875483780683,1.6078184388024157,0,0,-0.10117340202032299
20.469618163177824,22.6251911633218,726.4068918780175,0.0345699961026586,0,4.608752458289575,0.3046273609557666,2.5476557719191923,0,0,-0.15030574191162005
9.383297603819983,20.83558489447826,906.9696613574076,0.1582488203130502,2,5.590355658004034,0.3420598242711816,1.692899794312173,0,0,-0.12605096908452929
16.002863265297044,8.905535310016608,879.9085858240632,0.0349747471479001,1,5.281533715807157,0.2385282875875421,0.0,0,0,-0.10426491832056545
26.39662250265471,15.404650873082277,839.7377963700333,0.0874062535945103,1,7.17015806395998,0.3866238989965732,0.394905035956054,0,0,-0.1532273323911143
25.19608139407154,14.896269299397767,940.0882265307392,0.1131816962391166,1,5.119079420428486,0.2997154828353439,2.389169810223448,0,0,-0.16850436710448335
15.286491097698145,8.578651680657261,671.4394460586462,0.0801257470445159,0,10.409302011856273,0.3129980840347535,1.3385072560718618,0,0,-0.12589698724865522
28.78873944508145,31.624157146826377,842.383106734603,0.1975280904647125,0,7.824218322040573,0.2771107034897033,0.822388992188227,0,0,-0.11427147301305046
90.8556580424864,5.285899220230777,3369.564475784455,0.6033982314428837,8,20.37788186335019,0.7093572418361576,13.030823760508047,1,1,0.08452585315923311
13.17182407706058,27.138744463617943,1106.2601391304866,0.0780802836119809,0,8.793177308472037,0.2401108567603074,2.6716981838212592,0,0,-0.0986748362464252
40.56880183371479,3.455170017978824,1832.5981463948208,0.7294098454948151,13,20.15745781130998,0.8233516244706409,8.537099737135112,1,1,0.08076632045152443
35.84992022856658,22.53234735495454,1016.825787398884,0.107534449426475,0,6.092415029671832,0.2128725287385747,1.6092680855918116,0,0,-0.14853661983839272
15.097476009385208,7.784498374572959,354.48986720290105,0.0720750675880969,1,7.386640649508932,0.3765445519891653,1.2894699206737923,0,0,-0.11073399408500645
20.98594365132371,18.284392027898484,445.1597683776406,0.1831502039890791,2,5.420305121901491,0.0857446646366878,0.8415868274272098,0,0,-0.12823311704792095
29.039898231843654,11.513620034400615,666.9877708528442,0.017317689546294,2,4.928178029975087,0.2925594253462796,2.6802154559028235,0,0,-0.13817107726594197
28.78590099658836,22.939023503771487,926.6623598870052,0.1563801238798707,0,6.059512815393438,0.3546674827280937,1.595754400802771,0,0,-0.1723722216409046
20.793959826553916,13.39321460937523,910.4745096948084,0.2672722500894521,3,8.680638255169697,0.2145821244464299,1.5436969674773804,0,0,-0.13027285462654903
30.25242886907064,26.976265868935094,618.4648469410567,0.0518784645590543,1,10.34780317748412,0.2158825419329989,1.375601719746421,0,0,-0.13773243980732897
26.935698172528276,13.801646952044486,754.8644104163661,0.107752823985776,2,4.229143463771019,0.2756221836081978,1.8030093517856849,0,0,-0.16406143555771152
15.233250800231822,9.466477742413955,589.5480706424255,0.3214083546102811,2,6.23613545654927,0.177894997047701,2.415272579113274,0,0,-0.130455966420797
20.19489048064956,36.473284850731424,1044.415286431555,0.2233859011633087,1,4.724524008377216,0.0638049865125952,1.1242764145001458,0,0,-0.041958796958507016
17.883884562995814,13.257153267328128,689.6774726465795,0.1127991072537158,1,7.285618784885166,0.191473319911046,2.3917765223469427,0,0,-0.18140314075263086
12.14013412351018,20.87387895447835,937.309783354885,0.1707568322344421,1,6.239185485178307,0.1179074693936698,1.21011569083308,0,0,-0.1389345506870271
24.083681237979057,14.173560094492103,758.8263090958186,0.2415436288152506,1,4.653460887992139,0.1409103410027231,1.6734091725491729,0,0,-0.16663974104924756
26.959732568869786,19.62947302317224,572.0301989312984,0.1426237651548761,1,6.877796172497268,0.2578902831144564,1.5785222526942269,0,0,-0.18788062708813963
10.061878459266016,5.559658605551103,961.1466672232835,0.0651243950853248,0,9.187395281382884,0.294556458127749,2.3765101381706204,0,0,-0.08881513733537888
13.291880414943051,13.21862846717714,638.1579355650899,0.3359058862202547,1,6.376025982703991,0.097887004830542,2.7316011021584403,0,0,-0.139499683184918
21.919341756669468,29.456499842820783,777.4521872331453,0.2650280749152816,2,6.18272817492666,0.443438852790853,3.2007589615369065,0,0,-0.1064807236343584
18.6598340925384,15.83420300508552,634.5360292608018,0.2365437982033455,2,4.9723881347202745,0.3388773117011151,1.9711973053255785,0,0,-0.162552194761931
89.70627171216253,2.4473281587469247,2295.8159810336947,0.7641214887490648,7,25.930727370211493,0.8490361488528715,6.195589585074062,1,1,0.03629024152372551
42.51842346574138,15.478879097424857,742.2508056278069,0.4097225451905858,1,7.441617015776183,0.1572078700548353,0.7409343740692538,0,0,-0.09972645110308614
22.882745334096352,18.334349473732168,1030.1671539395484,0.1628449850373266,0,7.945834169050991,0.2601685395447298,2.781173856610691,0,0,-0.16022988066039057
26.370946249519765,26.879664833340158,891.9406122216318,0.049919386641366,3,6.42899260605777,0.2325179636036124,1.4133272256947906,0,0,-0.11602389020361653
64.5924105758319,5.1508354852249205,1234.5735303734966,0.8326355351399022,10,18.93062416222681,0.880361129231081,10.175110872453686,1,1,0.04720442790432189
39.04272673954564,13.210216532769277,816.5324059584808,0.0435066903453831,0,4.5625693426502485,0.1073877631238823,2.970804852537203,0,0,-0.12317085359405072
29.12028213766928,18.08357575147768,834.8102591137654,0.1048870955742179,1,8.396641631512404,0.0534071005853021,1.9331090584052737,0,0,-0.15615246077556
37.68813452916282,20.44951653428683,902.0296533205088,0.0307319077829784,0,3.6210853233696105,0.3624837060115702,0.634859323143198,0,0,-0.09707803354297756
12.845040272367893,8.660224958856578,1061.243335230001,0.1261322711664449,1,5.857251495165446,0.1102847693451848,1.1652796905501936,0,0,-0.10847531436970126
12.727086634115022,27.28503120798037,1005.845660783809,0.0720866247709768,3,6.587750985494718,0.161362485936002,1.4893013864902354,0,0,-0.07067152988092468
23.126773002213312,14.818454289765356,742.0417949643787,0.2893079664523231,1,5.043355584816114,0.2636137740131287,3.2279373473853306,0,0,-0.165910285379416
35.13528919349298,10.3174238850223,548.6069240609008,0.0494638644157731,0,9.01600800858652,0.2820876511184577,2.247787181052082,0,0,-0.13743240283067687
20.889064661306453,25.23905379905014,399.28668634860736,0.1934880336998301,2,7.239197356434898,0.1313118770405928,1.4445552071349983,0,0,-0.12267296013333068
13.677034063596686,18.5195387248374,1007.8581960489204,0.2759512889145861,1,6.230408931653869,0.2103683633431583,0.8259258683910253,0,0,-0.13692818408449808
25.5142401527637,11.336544927205027,766.5798023525873,0.0315042971822341,1,5.51603314381611,0.2596676121140232,2.6622501856957386,0,0,-0.15431255998171262
10.930084108615086,25.130359640688503,831.984320599165,0.1538049120386523,0,4.821300006829001,0.293429607599536,0.0,0,0,-0.09679560934086323
30.211130010446382,14.73945137319741,809.050015353973,0.1890040936893942,0,6.561936371295044,0.2392005349836132,1.6143153359494682,0,0,-0.18230150603103762
18.473517720276494,20.82881014281597,804.9489819890867,0.1618201734888068,0,5.844498983691646,0.1259645747849028,1.3391392377731457,0,0,-0.164508642894856
25.040907653139687,20.22687524022785,574.3406222477847,0.1624921516188955,1,5.158834211988243,0.3786625810103529,3.0325568123535973,0,0,-0.16667352296044396
20.285081944446308,14.251088533825929,567.699118330733,0.193761391823808,1,7.1539662828143085,0.2373868239676155,1.546892410624912,0,0,-0.18303281423500656
31.07175376394614,18.63858136615138,780.2914205425695,0.3097973058644322,1,5.889383889227906,0.2817908384095675,1.863669157534316,0,0,-0.17103531367779318
23.514728186689464,17.69857134330518,992.413556629135,0.1337817391325266,0,4.020725157127782,0.2682529280397439,2.178174084769435,0,0,-0.1496233834496774
33.45697780975132,16.85796793149835,547.7802246261263,0.1439109513940172,1,7.042120396728719,0.3482319482755443,2.414594350540616,0,0,-0.17596495458428518
24.892022202096527,8.361322078454565,381.4369419084263,0.1907814881730998,0,3.8931444030664144,0.1548730606861698,1.7343781782194625,0,0,-0.1082274192965692
13.55886897631494,18.901810568771264,824.0600064115191,0.2205074690976735,0,7.71860516017151,0.2043613538662524,2.392963752617827,0,0,-0.16712388807720935
31.333301551703485,16.51488818669097,667.6595596417325,0.2927492845526376,1,7.754184187484952,0.2157034833843346,2.3778832675832344,0,0,-0.17132883413850497
27.862298882786263,29.09373656967207,919.5622241691236,0.2796860280013559,0,6.713768526072444,0.3360724677240118,1.6608697290721008,0,0,-0.13572579295179482
27.932785968774787,16.997291518098873,138.1373503215699,0.0223608601484526,0,4.683428007267992,0.252807877404799,2.0571178405511747,0,0,-0.11226468363911518
28.005584146765376,19.86750092726121,782.9866125141946,0.236545447298648,1,9.095702262930311,0.376248989487695,1.3301966419241384,0,0,-0.1640410238006869
30.16300759668118,17.80123816275722,714.1843712582264,0.0800344614999998,1,8.298729368675053,0.319923058072014,5.01471170930221,0,0,-0.1348659543841071
19.15706694626291,22.33003238425941,770.6985873990601,0.0916355753027478,1,7.59416690298167,0.2896199400384179,1.324626761196712,0,0,-0.17864101647026503
17.584556227375337,19.26610480321571,150.13074272781387,0.3001128319997766,0,9.329166942403896,0.3830381685658061,2.1868597022320686,0,0,-0.10151015424329335
27.24793494188026,27.99284666677546,821.0114617854014,0.072144430754673,3,4.699655879371225,0.2178015633540748,2.044607724434289,0,0,-0.104751613974784
34.26876463205923,19.679811757918923,952.7284540818628,0.180447134134403,0,6.025221167419789,0.3314424898616591,1.4459262727660105,0,0,-0.1641856100014748
35.94905246025879,28.767347181106725,265.3973554021483,0.3456529936020286,0,8.622407055725347,0.1283340787473149,2.626594799995895,0,0,-0.06792160166504585
31.50813773895736,22.982014899265472,749.3794000831939,0.0483575545934761,1,9.629559651193007,0.2402868890842363,2.1986758575300827,0,0,-0.1613483647534013
16.149320207951774,16.566311718801543,743.2346573343234,0.0417885974648877,2,9.911161636978708,0.251087875820223,4.768892309627609,0,0,-0.11119999124861651
37.39947524014032,19.489323517802017,1046.2770879238074,0.2403312844153458,4,6.731709647467085,0.159994576733575,2.9780718672971,0,0,-0.07451315702809092
25.79721092070113,9.128482525320951,834.9739540006917,0.2265175356168841,1,6.558714499768456,0.1749638971458189,2.5663065387335866,0,0,-0.16435838245205137
108.33136361288604,7.40918915873678,2491.340406507593,0.7082734417206924,6,29.501342121554824,0.7889264840501763,7.146446888836132,1,1,0.08845932682653168
21.244204912520384,14.678104167916908,842.0065198510366,0.247354858174331,0,6.558115476990479,0.2654048077701772,1.2304376188348758,0,0,-0.17469410783975203
34.26488698800054,13.637176945050788,709.6385238354042,0.0916118788133294,2,11.781532329535448,0.1630747644784083,1.56800062182919,0,0,-0.11413903030699252
110.94703484906104,6.302550088237377,1731.4414773806334,0.661936557858982,8,23.45809287560694,0.8510981256274727,12.149768019278955,1,1,0.041540795508187345
31.500206579153584,14.539372016590004,680.2581472568102,0.1969874575982195,1,6.787024233638905,0.0758296446919822,3.7485759140585335,0,0,-0.15034125816700422
18.368039912623424,12.460600523334572,727.5493905825396,0.1553023324144556,0,2.8840664932064897,0.2810858190794811,1.255439459606971,0,0,-0.12771305576618602
11.200657339895738,17.326031701855023,679.0349828748706,0.053601212560897,0,8.993049267793161,0.3838025402628851,2.14285101299208,0,0,-0.13338647257813768
39.92619608915805,13.357264805378565,694.378104381882,0.2444756638728177,0,5.437406586353883,0.2360949680212801,2.1933527795983148,0,0,-0.14672604502145153
30.907732639963285,17.952164152100295,418.3330322924032,0.0255568862769114,1,3.6892622371883967,0.2959780584050313,3.654754358850542,0,0,-0.1166214239281878
18.533613717158783,16.309292346836955,631.9943778754497,0.3707022072462359,1,4.97955519577629,0.1909325438115148,2.787016569640892,0,0,-0.14934848041368232
100.16971112294748,1.533061003927624,2494.2503931305973,0.7680998407230167,10,18.279680216478862,0.75900482562749,8.076657219326066,1,1,0.06046243605614554
25.37584475011793,25.13409918664531,533.7360649115742,0.1627399517365717,1,9.942787096697607,0.2586970217575358,1.3112642820494722,0,0,-0.15544198583002905
18.817398283699426,16.470136695474867,1228.7514287524205,0.145053285082797,1,7.319295538815806,0.3149430466203062,4.149553263732809,0,0,-0.10808908257095712
21.91749122510592,13.330171647586123,457.2103502125304,0.2145050999117433,3,6.832145490254649,0.2730101173469863,2.268718527304668,0,0,-0.1347220719235604
37.01885641676822,22.091348937757868,732.7068405844645,0.1379196068147228,1,5.647517583515152,0.2505938169415149,1.293095220862403,0,0,-0.17162721367651446
15.5339318986738,33.161594555241734,1036.7651831156134,0.35010697308407,2,9.424317377100662,0.1813663153065174,2.3126509912073225,0,0,-0.046215663305906984
22.428913266776053,20.75508047537062,578.2105868242412,0.0731097626291726,2,5.6516188793235465,0.2949900229409393,2.303437186249824,0,0,-0.16286314944798524
8.798859306739143,16.55804761105119,961.6835075634208,0.1181062849907802,0,5.231683040112464,0.2578777727866333,1.6584233677816425,0,0,-0.13994368859813466
29.11028760729767,17.85524947733998,468.2485761017956,0.356735895320335,1,6.494096601548472,0.2417139327464084,3.454656478829222,0,0,-0.14255056034442182
32.63201410794562,17.80348037870401,891.4149007515259,0.1703514600131389,2,9.30225881191638,0.1400352705950737,0.1080960987463761,0,0,-0.11351796845329365
19.456723237914765,13.645537121079206,796.9044423512878,0.1389249363290508,0,7.759100609224459,0.242278255653205,0.3166553054271677,0,0,-0.15473756344064377
93.78406606948472,4.891081721078869,1250.7384849677142,0.90197301591402,6,19.86869603365074,1.1649767700491451,7.23276104546814,1,1,0.05745774675190041
32.34289557643821,24.29405535502133,226.2541750071828,0.1212296993285507,1,8.31678502384498,0.2838384026811141,3.489802631571353,0,0,-0.11445682193965157
98.58356239749996,6.612730849315417,2148.933470879649,0.9162054430134592,8,16.230689431545194,0.475045456478589,10.994943001377289,1,1,0.06074354771517454
76.71591312107537,5.626223537147784,2599.029936676171,0.6196593561380708,8,17.23411377326365,1.0179609317993723,10.205114697902976,1,1,0.03532543364829088
29.88296212346772,24.32185077964704,819.5255663880054,0.0890490695289841,1,7.180365274993799,0.3678948399236668,1.201079344081235,0,0,-0.16357309520786978
27.48726052478404,23.629702835855987,772.7936510871806,0.1940567411586618,1,7.434833151373427,0.2039167660203237,2.865244950343942,0,0,-0.17155862823641643
26.04592461828873,17.658326257673597,887.7514229316677,0.2303576554374142,0,6.496838338468842,0.4348350629267427,0.7215800776428518,0,0,-0.14869922899857196
29.486276210945874,24.759390177286544,62.823816797388304,0.2418717309784257,0,8.574061673743227,0.0696110873991304,3.1667849932032075,0,0,-0.07381512888482672
31.296676829939617,17.66649197453727,73.32062346138343,0.1276844244024301,1,9.80988465843624,0.1379816561312795,2.1286529479542167,0,0,-0.11512809762265414
22.59117043528569,12.832294792030416,678.1813099685357,0.2246440685682734,0,10.302473157374571,0.2438811562220978,1.5885288258620394,0,0,-0.15448387055633211
23.10545114607993,27.02395793149613,687.3238646526112,0.2670383087861031,0,8.142816775437561,0.3081778959718889,3.833484577176981,0,0,-0.13129423774226578
20.204999816369817,14.667137285038471,918.249316898035,0.2392541683019555,4,6.276734952765683,0.2638190636784014,1.588278418844408,0,0,-0.1049352775440407
21.42788038346383,15.98529180425923,684.2477229289059,0.1399137676279973,0,9.65193994095018,0.2034304759881163,2.022857509845124,0,0,-0.17064263850541173
23.382458780528847,22.20185927645395,1084.906883501127,0.3954009390404635,3,10.864918994899108,0.2835021295802102,1.3737085778123812,0,0,-0.06646664104841543
31.19707242743469,28.17873820974023,628.5370956281031,0.227738243896912,1,10.011090383811656,0.3011326644162355,1.1181033784568657,0,0,-0.12845309010899297
28.232406854516302,15.528738203265195,786.5667847927849,0.116531646581883,0,6.064355634335468,0.4010110679930411,1.256113934674416,0,0,-0.17152766145364062
29.893410310726946,21.377815420143424,1017.628212896117,0.2300800229072206,1,8.359151370321282,0.3436504116730488,1.6047849982159492,0,0,-0.15857574184683298
20.38477075470077,16.716066934646946,226.3640695504538,0.2620208513104659,1,9.254748020891112,0.2915176602323072,2.1981316511358755,0,0,-0.1374906273278519
23.89388559063052,23.73085392300743,613.4654612879806,0.2201039728980985,2,7.629412615108937,0.3500021715092822,1.8278557262915265,0,0,-0.15745837781221456
24.73844201524725,21.043644186643785,700.6701244337512,0.2341958761956695,0,8.499899941302491,0.2001234812806368,3.2932592769301507,0,0,-0.15547850275534725
120.16024547579552,4.000559001160415,1987.5504553985968,0.6346479043418776,6,16.77829866489008,1.2127069381846525,13.765437365124711,1,1,0.09267666186844115
10.895678757098128,9.703201614213985,753.5346788509922,0.1661737117534822,1,8.239618215060602,0.1392058329085004,0.6841142576737613,0,0,-0.12289348431858294
25.54014785128087,30.0612272325981,658.8663133432019,0.1266031520639316,1,6.651698780501559,0.3372918347333287,2.280963321165099,0,0,-0.14562806520384686
23.242624897299905,21.831554752664243,872.876034903183,0.2807446890489483,0,4.157693719708758,0.3346946501769913,1.0895592894331774,0,0,-0.14599363833897466
17.497399680679017,18.35531060408693,471.2206960323832,0.0547560262818062,0,1.2002124394500022,0.4778243070582275,2.4186480208169057,0,0,-0.06985012824060371
31.580359296825517,13.46189552829418,796.8031790117332,0.3085912039543094,0,9.798566682540102,0.2107057998193595,1.4363173376683551,0,0,-0.14844770583512878
16.804898869325683,20.394816686112424,338.0122756694838,0.0428902307710153,2,6.261226535872631,0.1628229311958423,3.403535331954177,0,0,-0.11108215102085434
30.488411679987514,19.34272770983339,668.3007377412446,0.2016587050846595,1,5.7502471644689,0.089210519357093,1.7753770764085224,0,0,-0.1704476659824421
26.792739854483333,19.602301595215557,675.5302665032859,0.0287093338862585,2,5.459234122567753,0.3368509867119504,1.632682353331482,0,0,-0.1528271492525346
32.74915992426311,11.221758872054291,250.81832894665604,0.1992021582247005,0,6.397273759119629,0.2164600079621171,2.9575547190218847,0,0,-0.1267761776376053
20.4902035775682,8.03423439890405,1058.2472570882785,0.3503238113916686,0,6.574842744022864,0.1131636907945977,0.1389600706678853,0,0,-0.06911932189796227
90.59733846515653,5.082250137283754,2413.0515654916985,0.6311515956365162,4,20.966897259620797,1.0428717235429208,14.035442861357245,1,1,0.056902486860907375
19.58462399755233,9.608594557085151,424.6613266781023,0.1707974102590225,1,7.957637496426151,0.2340083977164559,2.60011895079661,0,0,-0.15356995436719828
26.85639949886109,24.318917119997423,430.7331413123036,0.2840176720770822,1,10.6877973840039,0.1682071990312393,3.0016535033771,0,0,-0.11879341384810493
22.97945478885472,17.77419178545091,924.9654950421208,0.1469012379285483,2,7.1939403535217,0.1958490999553759,1.187638105712478,0,0,-0.1596034689596464
24.082108468264806,24.95597882018549,1002.6554989285564,0.0626276392625961,0,8.695864346706529,0.2861199743751398,0.6714974709848764,0,0,-0.1283177486953283
9.693758042737617,19.28387946440533,1047.0397215479643,0.0623750364323264,0,8.586570810330251,0.2983439891930038,1.3892180549141293,0,0,-0.12242424256141549
25.16803073306207,13.780941449244676,974.5032559882214,0.3282017501103264,2,8.639776307963594,0.1906675110370065,1.8260535776638465,0,0,-0.13998151108197732
20.76191836986369,24.037756855286645,651.3878817574739,0.2923570540236407,2,5.681986483535333,0.4488333993580596,2.5586265327545137,0,0,-0.13140026868607468
40.00936671372709,12.009875755567254,811.7580919207596,0.1588529723910325,0,5.464976706465129,0.123878814814769,2.669808098009338,0,0,-0.13150101294734262
25.081864488156697,22.45958456413629,686.229511862105,0.1260555554065395,2,8.041106115464855,0.2443865717040415,2.6167610931729803,0,0,-0.17171821381908092
31.57648127995592,18.65636876762936,415.1700753414007,0.3287655826346951,1,6.3441161594652815,0.1754676516292909,1.83487707777816,0,0,-0.15228998124769316
29.99295853641724,17.55339942539972,912.05340569488,0.0258191029315381,0,6.8000604403661935,0.2883082157044819,0.623385701677317,0,0,-0.14742658598245317
83.48539089499106,6.412257098218653,2180.381763150628,0.941759805330272,10,22.047192653211265,0.8088646812330667,8.80030002967205,1,1,0.03378485722417712
17.644606126129574,19.09119753035097,593.6989782941378,0.1155582861981651,1,8.114608587560973,0.3439579412355179,3.87310442462478,0,0,-0.14594942146166212
35.2213191663074,20.959907405285332,545.5618286825138,0.1730595751383937,1,6.746238571795612,0.2700451504340317,2.171509548194843,0,0,-0.1742038539918433
73.16012440476798,5.904128020303229,2516.0604736139057,0.976762234904168,9,25.83754911493223,0.7826102103872117,8.30741146041854,1,1,0.05726661160432733
23.958855565058524,28.87469134798157,1171.9328081101453,0.2548418396508815,0,5.907777994522861,0.0791345752857375,0.3127762500642987,0,0,-0.06228261038037147
31.92604155336097,21.69561364166558,727.6268197637393,0.0153073112930149,0,6.7068829286166425,0.3608042858383234,1.801150256482349,0,0,-0.1543527840592515
33.24799617996761,14.096144585269036,681.9267407536348,0.0910302240737112,4,7.298838947018393,0.079188060539187,1.4024742983655445,0,0,-0.09518496647851865
28.21369377679153,19.179328659069448,497.4518095225394,0.0645156751484461,1,6.939194466939003,0.2455254415244016,2.894677142438132,0,0,-0.17162725053648986
27.59267175515836,23.55706528518985,646.9280672716075,0.2635270254964351,1,4.181786144488045,0.1191221687923071,1.692941681091288,0,0,-0.14077994837942032
80.51637885843702,3.614269753055976,1583.193287982047,0.6211743742275273,10,14.772352571629735,0.9989297204383708,9.835664918983523,1,1,0.06227798095629855
27.21352639464015,27.55911975983638,919.1787002783708,0.2212393673152537,1,5.92765566675202,0.1362821224197439,3.184253416031466,0,0,-0.1337502354907979
30.35738039064031,21.892259325537857,373.3224469410212,0.212949699865156,1,6.803214034497524,0.1837093327720135,1.673337241549813,0,0,-0.16243138850679972
12.881222202513085,10.229527367618305,656.8030332013047,0.1247365143126883,1,8.19140450035103,0.1910909777468598,2.0265533537994687,0,0,-0.1554077689314175
108.7996163618564,5.064999725775724,1616.174108941787,0.7007992886576286,6,19.058987806135896,0.8735831349060206,9.9235176142444,1,1,0.024531647761276698
24.41736869874502,18.439907803130424,752.533614985833,0.0899259586262235,3,6.141872246197084,0.3260213496330117,2.2654626594957272,0,0,-0.1442747610899856
18.970110685140085,19.34330414567479,776.2308539807575,0.2259292934399689,2,9.29412275568086,0.1781519480240108,1.6297744081336456,0,0,-0.15292451823694408
27.65010745122851,18.291129767668963,825.3488016510848,0.1135968806244378,1,7.06780156825092,0.219383414214449,0.5353031263060557,0,0,-0.1662412469597787
27.74894631654769,12.746290479691456,689.9710764017905,0.0383035819745249,0,6.543323329401115,0.2402169187900056,2.639903400983533,0,0,-0.16715774317182158
21.23169355505342,11.513660757550426,557.1589400854784,0.0153734599239064,1,10.369159492033798,0.3020487844774232,2.4209635271274035,0,0,-0.1312903821945775
30.07135217854409,22.277990581034327,912.0991770234386,0.0596952615047443,0,10.329603658480904,0.2938501769565738,2.414824482035874,0,0,-0.13975749244068025
41.977249576101066,13.773937856743444,559.4284155083095,0.1096512424745431,0,3.2791040001513863,0.1597300335777466,1.1895114176266832,0,0,-0.10723622400573513
23.193789596107717,4.188473011586492,474.1666341295668,0.1453028878563522,0,7.442955395351833,0.2465478200168689,2.2286630281367192,0,0,-0.11894741475755627
31.50807708800511,17.4236406016521,896.8833629277771,0.2378175949870365,1,6.610646675284006,0.1874115469098515,1.57728554030729,0,0,-0.17325248505613056
85.7935600899229,1.748436803849632,2974.6704633855297,0.6960606384088057,8,23.734904200523548,0.9139737506549612,5.564359189003604,1,1,0.07352122476903267
17.202546638181428,21.926193938124342,869.7737163426359,0.4069288657933111,2,5.029611194425304,0.1933489004768528,0.0,0,0,-0.07028471298349903
26.59247756458776,18.11060359839236,327.5495008770152,0.0553676614922243,1,7.821064028818504,0.1752960679300725,1.3228097623467057,0,0,-0.14985387756800217
24.28703968389769,25.01577354267404,961.9421804529952,0.3525825701071221,0,6.3588808349476285,0.3665327417802161,3.2278034334513466,0,0,-0.124774359115707
31.85119035458778,28.01412915173636,691.8111079678348,0.2915531148915263,1,5.694383031660394,0.0711934504961967,2.7375128936228514,0,0,-0.1233294667407796
26.20315029180966,19.405288395219124,407.1287502172888,0.2347998338667183,0,8.61823213648384,0.3041645687850592,2.365370922215314,0,0,-0.15215746348341114
31.7968167761682,18.156546301265003,770.3520255113581,0.0810515589601292,1,7.248145451438987,0.3467311233038215,1.50660925029011,0,0,-0.17740491493222987
35.22141457518807,28.77526603857313,822.7182673974097,0.1383208598084719,4,8.520643750699715,0.3351477237555699,3.1408632156107466,0,0,-0.06726552222501697
20.94445459703096,10.339508545078145,476.7535192475693,0.1219144082352256,1,5.895883996445197,0.203862778525321,0.8689576257041147,0,0,-0.14927529152321672
19.338644275049752,28.528765091906187,1195.5358771757478,0.0997842839827469,0,5.900790830670332,0.2335439030377326,3.6012983317775875,0,0,-0.09265373080130829
29.3767790493603,12.849853318912718,391.42684020406745,0.1135206935414795,1,5.479418104872041,0.122628259927455,1.5331093830592002,0,0,-0.14610607917609414
27.37587738586549,20.263802958269117,1003.6200979124394,0.1656326271110546,3,9.640368394396834,0.4029304194486885,1.0381151377940507,0,0,-0.10344563530266826
12.594692551470938,20.03097844496649,643.3771617668641,0.4143072198056516,1,5.992991676225402,0.0612468096991873,1.5367608630774647,0,0,-0.10906085187315928
27.771585675975807,12.467008054934247,787.07677735623,0.1218867130631389,2,4.831257583085755,0.1890063705553339,1.881491278285088,0,0,-0.1618086406620437
18.382152451581412,12.632356186682976,687.7308029153047,0.3668807392245963,1,6.773839328227529,0.3039280450880676,0.9927501415440384,0,0,-0.14516432444169025
23.123302932998826,14.376088879705076,825.9682118983549,0.1378034690770423,2,6.015019218332669,0.1890015378481456,3.5639001448995327,0,0,-0.15873446360487903
36.609148862360335,31.793388741715503,459.6911917720327,0.2699744990801657,0,9.74008732234198,0.2793274965260314,1.7094015226568668,0,0,-0.08993516308341698
27.63000887727748,15.692666734621048,893.0197039266477,0.3012277966306547,0,4.348412457291505,0.3403438862487803,2.4006918370857067,0,0,-0.15221326515164424
58.12072540353401,4.1255851061042295,2574.5069775370657,0.982070064191253,8,16.877447724557115,1.0557909103813226,10.0220880442707,1,1,0.04535184668186065
24.902025817224683,19.06620600559952,577.3518072982766,0.0729352964985207,0,5.479163600377253,0.1353599693282215,2.380952835693413,0,0,-0.16529863319864446
22.47784604287724,13.722925303937014,733.0921591315869,0.2036161820734584,0,9.387289731146456,0.189703509984784,1.948131136230098,0,0,-0.16564436978605168
99.82132086890712,8.484752169405079,2174.768476298581,0.8240463932037394,3,19.986069446665493,0.8519422410844809,17.49224537925956,1,1,0.09237636120300552
17.72490036164209,28.058623873651698,573.7859991335126,0.1359514845564604,0,5.204024716911222,0.312194581095221,3.2433122248451696,0,0,-0.12922180823303792
81.22132055311994,2.9501438668284643,1862.854853707559,0.8133920834979131,9,24.85158100894141,1.0692359674903256,8.188423206289135,1,1,0.04398139268321821
36.72519015137243,16.349689817090137,936.1989849691498,0.2851666632606238,0,6.878164334458433,0.1734190019941288,2.9264818751052166,0,0,-0.14450305893021687
18.22565025545276,10.260234601553677,643.0107279194453,0.1804239422545915,1,6.507515756102565,0.3437066875102031,3.360676036107705,0,0,-0.151160733773767
37.30429253172776,21.26016115427961,550.1686353555262,0.347246739633926,1,7.056025830717778,0.2649356201465785,1.827263174832996,0,0,-0.15197608620757103
40.08948720968424,15.07436265556504,896.9425084061011,0.1579174966925871,2,5.390550855163237,0.2855431924093749,1.3477865100694943,0,0,-0.14301359454201412
36.530186312528926,19.846810613352357,866.9642897530883,0.1830568409136968,3,7.62895894496681,0.2395701488622273,4.33801140420633,0,0,-0.1093953667858587
19.252446229980517,18.169910256782767,751.4329005939645,0.2484777329239338,1,6.447360729747104,0.3363946637269869,2.097913737608642,0,0,-0.1794634337465424
25.5927582433582,29.0802439544162,625.8410863540314,0.2033043986158813,0,4.811270404899713,0.3358688511465626,2.5215025255698524,0,0,-0.13961546740785602
22.258283867785845,25.006692369958845,713.1186813824384,0.247908331992657,1,5.217566103916201,0.1648836859750294,2.897543570303795,0,0,-0.15384204385544636
