nb_connexions_jour,duree_moy_session_min,volume_data_mo,frequence_hors_horaires,nb_echecs_auth,diversite_destinations,ecart_profil_moyen,frequence_changement_session,true_label
37.26191130402062,15.36161365035495,716.7211861107305,0.17603066566498907,1,4.6902680406508335,0.064058667405374,1.7531146034313096,0
37.51714924651205,21.423592011558956,556.422724553474,0.3516923169546369,2,10.008428565659846,0.13268434409672267,1.8664022066722306,0
42.225459660092454,15.32698487159537,966.8814939954203,0.2837424828348463,1,7.470635922878199,0.24507950838266315,0.6073512422167464,0
19.285188655789057,29.260774875348396,552.2428590536286,0.1361510257855958,2,6.325623724417654,0.31832603895033257,2.5564217054585403,0
23.709714306671927,20.025615972451213,853.6091289949898,0.05128948559285809,1,7.970002583046456,0.24151803253402573,1.3256570464280744,0
34.435520965770294,18.998713249278335,718.0024588804642,0.13187693580654325,0,8.126270910336519,0.37176981441914153,2.523039632963558,0
26.466736045906814,14.86283983708039,786.5299246667619,0.17069429698103517,1,8.419568581167375,0.28803068424015443,3.1993367809282507,0
29.694856750402163,22.976433487100934,1080.0594974221565,0.1495854827686905,0,8.580757050085705,0.023870897324986318,1.907694606199226,0
27.893088200381072,18.595993832575356,691.1652508582445,0.05378903306638557,3,10.808867016349481,0.18241860289666806,1.8389096227383266,0
105.74645011293046,1.1958607029071207,2323.3606943493032,0.8087323501220758,8,19.68213230406939,0.9628139940191245,7.37247278051467,1
29.340480348687716,10.812732644466909,1175.9160391272012,0.4432172334102976,0,5.143714723441899,0.2457631589458327,2.547302674776974,0
26.385447406809455,16.525541615484336,861.1808169874274,0.07214964435016677,3,8.236218205081176,0.3583920966535608,3.078533546062947,0
16.459036564939247,13.005866561374628,706.1998546212083,0.24071092204727063,0,6.882470575446542,0.0777656643130214,1.4460314514225527,0
18.532051176854498,14.088983353187045,699.2074414000749,0.14152669743693364,0,4.872420767795937,0.21607630327403787,1.6765205781233727,0
28.9839863299636,26.456084641113478,834.010386599579,0.26736344744483337,1,7.069249477518492,0.22056949901397988,2.0007086276805217,0
32.6033907054884,23.905934390859503,457.2593466417478,0.048000615283615045,1,8.527395431696094,0.447281075471809,3.058780673490247,0
50.28673288392881,7.122388552553165,1781.2659919367336,0.6470007360849493,6,22.294970008371454,1.0407960034018418,11.838372224749868,1
20.186347102164824,17.2324944511154,577.8561041274963,0.08988755406914273,1,7.429653012233203,0.36461782607048604,0.7465423867748755,0
30.45562377035971,17.79006905701823,551.832062666349,0.09736984070189043,0,9.366454347425691,0.19615385393774581,1.306689254410832,0
25.96236505369519,14.686661734314173,938.8970244829472,0.0744097459822678,2,7.159009464735395,0.3569144263935914,0.0,0
85.56730226858392,5.115204452010483,1588.911967424494,0.7206648966524596,12,25.624662726516206,1.0140759179376213,15.133086427572362,1
95.71773934513584,3.6562651782323434,2409.855410179338,0.7536076295859833,7,11.286140130594795,0.6385578704270003,11.571881536230205,1
25.908138762009983,19.175071530586088,739.5767132537653,0.05534461090656417,1,7.666480073044857,0.030892592743533537,0.9534626535143984,0
24.85189491206088,19.332802629802277,1067.9659251042947,0.23529840208315117,0,5.542695171359647,0.2971862338031008,1.9250103808727794,0
25.69637654590537,8.234745372701024,600.4926097652032,0.08006235316623861,1,7.496547865822891,0.19192318932495392,0.925035372274182,0
56.48416433126999,6.7790824623380495,1371.6537402202048,0.673525155792726,8,23.450368381683063,0.5169675605916153,5.691238405215646,1
82.20914410833693,6.611187669990352,2204.5703379113165,0.9683025804218934,11,19.482065732971098,0.9124481128218765,9.34852357858943,1
34.08452512144479,14.718846352557648,747.835232099539,0.2294079238521596,2,9.133740176752081,0.16548713891734,1.4794058223195472,0
21.63483741787713,17.065936587647524,903.4194102408092,0.10203026453981355,1,7.57726430179676,0.13690997075057365,1.2113280688486374,0
32.80095786734201,21.35874268758624,523.1915950466592,0.19949398734230434,0,10.15077894811233,0.3207186185050095,1.188078340892007,0
57.731682946950286,4.9467897899260365,2916.293059112648,0.9680152656436211,8,20.07841118235812,0.9550221064928164,8.504098312634646,1
18.396022425659908,23.003532927293424,1069.094179096817,0.13618276786451433,2,7.236423982803874,0.3137719497181916,1.1038695320274872,0
28.072523591514457,22.922893087184185,735.3262758309702,0.055227228606907534,2,5.318785145060712,0.22152413715099814,3.344318207987208,0
27.72921579853315,26.072520276929865,417.74171067851466,0.07224475249101436,2,4.233074976343268,0.2432770437849013,1.1880258477065238,0
30.18150830480554,12.085643721986738,706.3238610456599,0.0880726567336103,1,7.946101856466425,0.419743218133677,2.7255283730379856,0
19.582706307903106,21.66351447170294,1267.53605428395,0.19623118222961564,1,5.780198474256155,0.37432343304794635,2.60337317294732,0
29.11551067246999,21.797590906533063,804.4336112335897,0.0734214810884284,0,7.130701192195526,0.172656250813234,1.0480798597707826,0
27.891164844067312,7.983568313271769,728.1829712803736,0.39646690911891175,3,9.276831041311418,0.17062134759810305,2.2819187881263123,0
55.821851925237766,17.133837528456347,1121.0868978506928,0.07032394418192574,1,7.796056059923739,0.11558971838175863,1.6904992379962054,0
15.430347007354634,12.554618027750413,855.9808266694727,0.31756798280393456,0,8.61492367122489,0.3061067084025917,1.4065273242636067,0
18.926938707570415,17.791890675679312,527.0823186882511,0.13025679941673154,0,7.500590620366085,0.13564405402344998,3.5289289948137403,0
22.378702827217854,26.649411723947402,549.9634654404844,0.03892267940329626,1,8.832020639582181,0.24594493844177653,2.202944050310111,0
53.969940069838465,3.3395665622154556,2799.2663135605935,0.7882803997964246,8,27.70161989909943,0.9347411211252138,9.495222596537376,1
30.712003952736737,8.070859968805383,794.6091623820353,0.4010661152713554,0,11.828434624477467,0.15838584834186564,1.159018601013452,0
16.538312568352797,19.22078181520334,216.26268954358198,0.16281136182764402,1,10.491742672270314,0.18961098843442142,3.0365155835044346,0
22.60794119627306,18.288509679968293,166.74654814162955,0.024138410049532332,0,3.7488012666810966,0.22419192901359491,2.1245468020238545,0
28.973713224089863,17.62392541636097,781.1081279520382,0.10038270480799728,0,5.81385573113554,0.4184348516124981,1.661315675901403,0
21.274161971437945,18.211581311830372,748.2130720860666,0.23238679751486166,3,7.3745910996464366,0.0,0.6211966954147736,0
19.01210770754757,15.673790640384095,411.3960288829649,0.14603527655968157,2,7.323563825202516,0.2262264922961615,2.2902465656670326,0
25.54022563750339,8.908853626808686,729.2533283123128,0.12017504412034094,1,4.2634621225487415,0.03013071877708351,3.729885398683445,0
24.71339168712039,14.02425744632492,884.9415807775193,0.07653422959923703,1,6.575142140179067,0.22947716174441898,2.3670958417338603,0
16.432860015511103,17.051952608526065,629.2402887321758,0.042667338769844854,0,9.00676552843988,0.21036044798235454,1.8000171014432207,0
25.54850379844822,15.508272516595191,332.9115037469303,0.08854237101421193,1,6.8107524147014225,0.19035824814066818,2.769245639559975,0
30.692919024711117,19.217538125107797,694.4940690760683,0.31005267075765774,2,7.159513053798432,0.2632186469514886,2.43906855589017,0
15.034089770304096,8.981142281291362,711.4280948776059,0.11397471187187597,0,6.728145420288466,0.3596652268766096,2.635530199832898,0
32.45024095292959,15.077247697411824,945.8050829493881,0.08226499987934567,1,6.423215599399402,0.5137694887963902,3.9482443251347767,0
29.175532524935182,15.334240439543331,1024.838876939697,0.12094286047455416,0,4.196183864567525,0.32599227430474714,2.406727469461114,0
17.735807395830314,14.816993114336835,601.7846047988837,0.11403180637196549,1,7.047790193972599,0.014266577540052117,3.3747840989702294,0
13.978645056343272,33.44015881949916,943.8002196822537,0.046943828386547315,4,5.848236575083358,0.2824258796035197,0.4946979389916566,0
25.73408621228402,19.55833501032889,351.54137883314087,0.2608260723977015,1,7.576822297432123,0.23403148125117001,1.200370175832961,0
92.58923870250398,5.966649654505606,2259.829652259467,0.7089261588724332,8,20.566971959833445,1.11716946276868,9.685096877309128,1
1.0,14.730485479146301,394.2940573120089,0.2624120395937247,2,8.70684290298423,0.28522904441662866,1.8436368625634276,0
41.739098205483685,23.83532669776038,791.0358014393296,0.10496139609460675,1,6.459446477979671,0.3020379725885119,1.0332670818555503,0
79.59122029215779,4.794662782868144,2729.0111940579063,0.8676616622139404,5,6.304298969312637,0.7488132456857691,8.506982429712881,1
9.099448683192858,12.574100249373549,867.2912243517454,0.279614320843479,0,5.874615951119535,0.29300656871753183,1.7522861574970463,0
26.574889886952988,23.289838541696703,575.9027012379197,0.07597198435560569,0,10.654523009914028,0.20123260257210007,2.008763484885367,0
92.59079278412094,2.5002213775219135,1702.3516531047453,0.8342617341715197,6,12.74536054444388,0.9330875306606041,7.582601035347386,1
21.3148898323217,11.776523074041261,364.38446239655747,0.06050233563524812,1,6.994499517931636,0.15278476017973386,0.6439635548552656,0
19.705708281852896,22.26575980922095,831.4280153669688,0.097059527887618,1,7.119535674746565,0.15304964941540106,1.0602974017478481,0
28.935353372052045,22.048916952999623,1248.459893835214,0.10685046892410494,0,5.848110377152544,0.39670716350433155,1.9302465707712022,0
31.861276985616154,18.5767246616459,261.3781586342798,0.2232758082286238,1,7.561064681110517,0.25038806166804073,0.8619416813447329,0
26.9494976919353,19.246126122978666,655.2123207774804,0.16106483656567214,2,3.838498365381117,0.24190517937561568,2.8565884418863505,0
20.198264982729643,20.085490232170027,678.3652821051551,0.15698162063578286,1,8.760570157967562,0.2543585598389576,2.415550741474231,0
23.335021997141798,6.954754612010127,723.1826113521112,0.17895771141296765,2,9.916050551128649,0.35013664562908625,4.594310184774111,0
22.517865947252353,28.62480381381306,761.3787156892364,0.19831086518738866,0,5.282374544158622,0.3492929769295528,2.254341509298521,0
24.832787248286817,12.303606667008342,710.7492154716549,0.10172197514687796,1,5.956186499789942,0.3096758646301849,3.2061184347742833,0
21.47964410642413,15.818326726716865,830.845955166363,0.052229846252969926,1,4.583642352708823,0.21270594795698633,2.0472280922981607,0
19.839041963159005,22.508322740230735,385.2294775340294,0.21059270290234136,0,5.789214152144922,0.09284219213208222,0.625628595704752,0
88.74768362774155,5.006419735526995,2193.793390237203,0.7465145544826088,5,23.87557560794543,0.9056544859685884,7.985463379058363,1
64.7590195356733,5.170777220269916,2505.1868498626427,0.8788052055737052,9,15.008938707442974,0.8769142159537969,14.001657236501718,1
27.34457978638945,20.480609419342205,578.9328661540076,0.2652659616018671,1,6.443761539377524,0.16757164423212484,2.022102749849856,0
36.82315235793213,17.6035212081161,487.26524851157313,0.1893478631423141,1,5.949222260726108,0.2179537450240356,1.3086153848217783,0
131.1454372998802,5.3650761937653515,1974.6604917511336,0.7481965748238057,8,25.115282776261196,1.0297236657736517,8.974534539261594,1
24.383186324687166,29.2921469788502,716.9008160332562,0.07217361403975227,1,5.791664793368291,0.27936487738630705,2.250692416022752,0
29.761256203495307,14.625199344634394,768.160556249946,0.1916651836838247,0,6.535391012527661,0.3898591004626106,1.3425862062891163,0
25.776620394784324,23.01415267239085,745.8442177484616,0.1461168978537669,2,8.840022920010792,0.13239798677472397,0.7651542863309089,0
30.00533878212005,7.845212221711083,623.296530430271,0.02105310761147092,0,8.325451653038533,0.38946253882111764,2.2611768069745093,0
27.658512095836734,14.323267857093683,702.2775763655437,0.20563558999745837,0,6.640366737239919,0.23725370317826155,4.043025801848989,0
31.603330791904238,33.360507229612764,541.9504015747766,0.09643897832116606,0,8.101575470233527,0.26240451184267205,2.2010149807086536,0
25.55841667992015,14.76144191814383,482.50995642679817,0.19141529825475478,2,8.177305358764869,0.24318608862126437,1.7239773514444305,0
20.204858836447823,12.48808832109481,666.4566359962803,0.25854623584339725,3,9.853185960648933,0.2223510244413247,1.596562301378642,0
80.61508324674688,5.983831076302773,2460.2509415384875,0.9525032271052046,9,16.659284758361167,0.9491716610361185,10.53886681789577,1
24.12991881234514,26.6818673061224,818.5263183382012,0.05408857539571036,1,8.74725700414906,0.27291468344991127,4.145036420768707,0
16.951860948002384,21.73085977330318,659.2367150469041,0.18697760941793265,0,6.7877609688613365,0.14426021422561025,3.2089321397025703,0
8.686142577919195,14.814787362478075,968.1276073734097,0.3039209641085299,3,6.013710288491702,0.16565984515429624,3.7824542165573147,0
13.740289804987558,22.089004184235748,530.6058891670988,0.10158009711535493,0,4.755693524238005,0.18461200863478996,2.3659093379148275,0
32.32321694161659,12.837519808296285,1030.7476263887731,0.11644557062717267,0,7.470776521096025,0.3591946171289575,2.197649302899507,0
31.57522003500179,7.170707396012887,284.3010391919832,0.12860533256680132,1,7.592728878509272,0.25739327870305023,2.5567358388359356,0
11.372940485158763,21.543928984153855,614.6010999209296,0.08769392392339057,4,4.831579840440375,0.19933971917241852,1.0188962860502644,0
20.501699766072218,16.67418240280066,761.3847356694746,0.23516499786860537,1,5.540670752357746,0.28687380592769307,2.010017923499405,0
28.239853687687646,16.890587181342067,513.6685033699679,0.040601566622538124,1,5.558747884818464,0.28697734371150563,2.145318055325738,0
30.740338046367697,24.26496526241443,1027.9597501069895,0.1343224007693974,1,6.626228339238699,0.25777599199910806,2.0552625958790176,0
13.701570389317668,14.545090556131921,742.6997984376277,0.06994843127936244,2,6.471657980169332,0.19850514693728563,1.6848996639813143,0
18.45423453413222,21.794446434333125,839.4309138050617,0.06795583108137056,3,7.058502959403751,0.4057376817403576,1.7458456473301505,0
25.606436465549812,20.28118710603578,680.577949362724,0.38366805769666473,3,5.569873558725147,0.43672242043123155,1.098504893105844,0
18.28625981421889,14.445636454566785,775.399576203095,0.1697870840436277,1,6.760117452747055,0.33932446283671286,0.553067930197142,0
20.518551678424245,9.889892366301998,605.5307809524444,0.33706179427092003,0,7.712433419628924,0.09213247980970107,1.585627338294816,0
30.436781991477407,25.629330569964953,772.3277302667657,0.0453970830200822,3,7.975810890148373,0.16950405798958607,1.6636616463654872,0
17.821965028113347,9.987933847739392,398.64334449260286,0.26650268262907423,0,6.746527928428187,0.2965773318490823,1.5550523695378304,0
16.50157029019116,21.79669119663771,787.8290869731615,0.14771048802533038,1,6.731688715815472,0.445085180236793,2.1264128294336175,0
22.423507870354594,12.900933783211249,377.83752635383956,0.021778787566291365,1,5.901280290129117,0.12789225359119324,1.7264990182000348,0
32.77256760763484,13.614419760348486,807.0303616417644,0.29237455612948066,3,8.540500895942133,0.21950777876426728,1.6647927467405812,0
23.82354094798289,24.48468435332773,1060.6056971976948,0.0865878626822493,0,7.057581627476964,0.34791854355897334,1.7254877004510756,0
25.88738071767893,16.50578376266173,364.8988809475696,0.12134831189142463,1,8.885090456906944,0.2818796691158934,3.8316222846583865,0
90.2796363193865,8.087395521984828,1874.8421600689535,0.7424775773845518,5,21.365592171468222,0.9585549291593064,4.809211808546965,1
30.29704539616837,12.129763334309807,1006.2405029958119,0.3590405995595439,1,7.33968939449806,0.21649005212007655,1.1710835659937944,0
19.773366139410307,10.493318541688183,383.1888058292552,0.1102323037445564,0,9.429947022584475,0.23505685139889107,3.282135740360131,0
26.491634518155422,15.751075154702415,429.9262806698617,0.04245800692807959,2,1.8231667355916006,0.35539209114064535,2.867193061918939,0
15.650575699043744,11.951482134495576,593.5451165080492,0.1288370768325956,0,2.533442361288471,0.297143986649484,2.959440532083089,0
24.074813740894076,18.46420984588571,843.0442591509054,0.2080397376036166,0,7.1686476544844675,0.11708148666551174,3.6673823429386165,0
43.51726853338807,25.476511154985772,943.2157052507564,0.24070098465269532,1,6.334685638873655,0.3535128916176733,1.9007996470684434,0
25.104015135023257,12.062371078448514,357.5519822948548,0.19347728802891012,3,4.877412936577036,0.40329333705355574,2.661102535734969,0
25.775967719941747,22.246511612732853,438.7283478135072,0.2106982679389212,1,8.193724362148526,0.32470728438465524,1.994895424434736,0
26.85802957728803,26.133827152829706,757.3482284812595,0.1198818297878467,1,9.363522791322989,0.1842212610704423,2.357722769472242,0
26.7316687166558,11.225689372696625,792.8225659317626,0.029333184307314172,1,10.242453759452456,0.06916435675825872,3.1553004115216927,0
16.378041776565553,28.513622660541735,534.0593129957413,0.14288055029063207,0,9.583270453520893,0.21760674990477819,1.069694302145555,0
25.925397074342868,20.00674073992215,632.8505650419731,0.10215020799825554,1,7.834790261467834,0.3220772084838217,1.0398712613517174,0
33.43041641627922,11.360844547549977,669.2902818058618,0.26969475933651527,2,6.79655994889391,0.34553238021242555,0.0,0
17.075709398954494,19.413687348651397,708.3607651970041,0.18176564213804622,2,7.326810948044807,0.2119003594066609,2.490079628251496,0
30.02676407411424,21.724032585304066,1186.3150603500972,0.2767764479893037,0,3.808726478220634,0.16952406533812608,0.5494502267512957,0
39.818225476071504,12.266757356397445,1113.85455527693,0.20672188177906908,2,5.87643501033997,0.24020135532793085,2.022450412277661,0
44.70593689988229,16.043858806992954,548.3786800202951,0.0038339079602846917,1,5.218220776115883,0.25323302327955743,1.491437746724319,0
94.64973236838735,5.172860378175084,2031.4712569776875,0.6023458911548645,13,15.100372126088779,1.1573861446699043,6.043094505092467,1
13.513102790564485,7.738989644060247,761.8621132732627,0.3474324740011731,0,10.676201415923272,0.18652681097333945,1.7640300849539001,0
26.819679476833034,18.429397423316356,1070.464092120731,0.17705466132420766,2,9.394372969244856,0.14934095835902292,0.0,0
22.526300993190283,12.816055381921103,800.4857082138325,0.1455145383085056,1,8.480814244754475,0.22445597858447908,1.9408014255913975,0
26.71274995304163,16.442451891818372,860.0784996001355,0.1307566971725606,0,7.762488532956145,0.34319345423163095,2.050371896672997,0
20.64493820379854,27.8698062810077,962.9102583634653,0.276415838549277,0,1.5554445181537107,0.2250190100315754,0.8361422822401754,0
27.51397866076219,22.545046260283833,741.0540070943988,0.12597197926541862,1,6.394077246251398,0.3604941922230972,1.8915952071252167,0
15.017734544281204,24.61981129209913,1236.74552939464,0.14206116495223478,0,6.71142411472652,0.24283531141883516,1.7130303634876372,0
24.42391902735733,21.005503125746284,551.1936935469607,0.06355290860630491,0,5.852139984065285,0.08531361417071537,1.7664875424151016,0
29.120381490448384,19.18850856460713,562.7708286469228,0.20804311804271894,0,10.026672556711452,0.2517455465252656,1.2667313161958234,0
109.25360469772599,4.4458937994418175,1920.956824931663,0.9526835878554338,7,21.95563938466363,0.944767772097216,10.143475959354049,1
21.86313477494274,3.170132999236264,479.6435978231186,0.18821844011756103,0,5.555462232692227,0.2744210902546752,0.7419753047712145,0
33.25972208440918,9.549232221818642,408.92024545035036,0.16386658298140144,4,8.728487229468453,0.34469284683570567,1.5353405477954585,0
38.05929043145308,18.68536589197224,1004.5400200723141,0.3052958803965454,0,6.342111829285395,0.35817216943950936,2.295987904842962,0
13.602014510292346,26.20124560466715,545.9734207133819,0.1365848030054588,0,4.49340874539347,0.3819635662243719,0.5229851371855718,0
30.490081522996107,15.943874435517907,840.5206488464206,0.1808810715049131,0,6.751145353787163,0.435897769444342,1.1395159266171646,0
24.5237971515056,17.419721328777644,1204.0073659699633,0.06967405414597393,1,6.825487973634108,0.38210617383534673,2.589118178772656,0
17.280612315359164,14.894332205782971,493.346213359874,0.12822047293447827,0,6.676888032748223,0.4128938225643576,1.331248286422455,0
23.126904344406555,13.242763006425935,710.2160405943528,0.1390127251033624,0,9.813561711576078,0.0,1.9883396441111845,0
24.722305842358054,5.771252788932877,556.6880392048214,0.2432997869129675,0,8.865487216691157,0.2571880935718875,0.503985442850573,0
19.24124633284233,21.233460262107954,464.5813514082464,0.17446197389922855,1,3.655500450865363,0.34756783454381535,1.4273183598407013,0
16.89735103732461,21.68500020026055,833.7372321376386,0.30631716326119174,0,4.954829299455817,0.23692629332867618,3.3453812476277207,0
53.476283011665785,8.176588304109888,2037.4186337891877,0.8307744493379359,7,25.43855213078933,0.8747422616290721,12.081769699573774,1
22.690730888638893,15.127508270019137,792.1841820605299,0.10071035360027508,1,11.296965698297551,0.16170346015532241,1.142432425853856,0
37.184238851264205,21.024279093107065,981.2594097736057,0.12449850307475574,0,8.874654583641753,0.18191170954921013,2.1366718711628825,0
21.117091617367173,2.094181149641928,744.2417902772928,0.07969184973177791,1,8.569563168028377,0.20898737548152438,1.2491005290389146,0
29.98279945877999,14.575522237503142,502.3370440059718,0.20160585550195345,1,7.099342112600529,0.11335523731059366,0.0,0
21.16660609723768,19.62274095467903,841.3990071708597,0.006830500289882304,1,4.533004832110193,0.3177181686725047,1.9928763877916633,0
9.649830277607668,19.738649141378477,989.8266944395516,0.11342002899630738,1,10.139732872519934,0.17404933385935514,1.7059015261943666,0
27.593330819907536,14.238197653273396,516.2236482828534,0.04317922644767655,0,6.940516691689233,0.35946716363802766,0.9869704883771622,0
33.4673958947967,17.90146262356349,433.8671565749563,0.06814432215070812,0,5.0391851804039245,0.22557190602234659,1.1225452599968997,0
22.666450001653786,24.717449468607462,685.5349425639426,0.2824328978812634,1,7.048814679066324,0.26123211654698125,3.148445956533724,0
13.959188334280869,15.844247455277642,633.4566689726117,0.09572190883704351,1,9.83647756581258,0.28195926497950047,0.6399453455823989,0
108.02993066285464,4.151792368831802,2268.95826045903,0.6314039473814439,3,10.21330705433005,0.8853711924381565,10.060319400607295,1
15.792051380621578,21.459341778334597,577.0371936002506,0.16419961786159684,1,7.030454041234899,0.27230912250598943,1.2667349065136462,0
31.13947783322327,11.788546065483755,864.1757845259885,0.06636474870372128,1,8.216457790614625,0.2598498348024681,1.5392249862683471,0
99.8836042856159,5.453423372681132,2032.9559206123329,0.9044023931798222,12,25.24432070937681,0.8432130385180269,9.866915633465315,1
27.060403125782116,20.36671285426978,930.9015973702537,0.16732140404059542,1,6.59416507397911,0.35732494009259985,0.7285888178259246,0
9.322639008961795,11.51071197831363,855.8384184058577,0.08359056352991948,1,6.030418647286214,0.4008247403185002,4.273941038677201,0
28.7906633672943,10.532071780131497,958.0003842370602,0.17272276203570985,0,4.950015372362474,0.3705095653450029,1.3488971029859296,0
106.63275117903154,3.798977963629672,2694.974519984271,0.7815835332191439,5,21.91326775738746,1.1038784241246038,6.858527293929207,1
34.142582516120164,6.775248473844865,629.5235921972495,0.39652578532598465,0,7.976209635438611,0.35570162829481355,3.285385279014271,0
23.46111228175102,25.20728353298367,1081.9120366963548,0.1420847903521106,0,5.295596737356833,0.0,1.5160128837191211,0
31.61746599228819,14.93270594141289,591.3735517045112,0.19708612727642183,1,6.471924476011198,0.16071704026819206,1.4100223092473876,0
32.67416660868165,15.822968637362045,630.3901410671435,0.2511567079567035,1,3.7342443230192552,0.1757225155471291,1.4058843695120156,0
18.142739548669738,27.177301916763682,623.1633050499456,0.17169885093537302,2,5.385720034041327,0.14547856376792895,3.0232009733479863,0
27.07906235398739,24.225239665547395,662.0219940130197,0.11988704544588659,2,7.557983589496948,0.2789653698209758,2.034866882779146,0
18.81592172915627,24.392882250392105,971.9404985462962,0.27464473069650996,0,9.289519222904595,0.23125630246891385,2.188233272701134,0
17.812682629213135,17.703217742085403,785.4872929968121,0.13933960755639457,0,5.171437378406717,0.35338907890683907,2.4794416917432684,0
28.082539037830696,16.363658581513977,682.2423523761119,0.15000519884486205,1,10.01891538681538,0.410409125347724,1.6722628497320007,0
21.39947622816605,26.52302548793913,818.0321655854888,0.3001308584383001,0,6.272593767798969,0.40235253122290393,1.2730510409826512,0
28.696827794106166,16.896099981883925,638.2514830893097,0.29912094357251057,2,3.2465625386345267,0.3540914082807374,2.056926420870776,0
103.33412121717218,5.612877668510336,2522.5189277244986,0.8852057167446963,13,19.853917970730073,1.0348003740508762,14.135402066361424,1
35.45714203425943,15.134055319409299,599.0454621688332,0.12846875068629152,3,4.047865816456556,0.19136393140287064,4.112349709485754,0
21.79023622491331,9.086637761778167,388.9828106809044,0.018191096201039186,2,11.40845793859128,0.1456385589864363,2.4713524908277287,0
33.02826318313619,12.134668531208693,1096.2068952403795,0.18186321547996775,0,9.18647421516442,0.3104592344702505,4.638175256620599,0
29.567124085545338,14.558027958718583,658.0498718320638,0.03428610405490818,2,5.917749254930314,0.13462672092757144,1.1154969269399801,0
23.036895071977035,20.886055390420278,597.1057357113839,0.1476901642244473,2,4.780094325927502,0.4149783686240802,2.584683281917922,0
104.81090731748873,7.381492232050495,1322.6056289388066,0.8995996069619827,5,18.616641141404273,1.1352273644290989,7.764496689047949,1
18.861219496895604,26.720306862706206,731.177721000779,0.289626862811974,2,5.91979381280243,0.2989083878150743,3.283379165046651,0
12.244578729645063,14.261156841451413,553.0201001985292,0.10474910247209857,2,6.419925120787255,0.23181080814866284,2.221852516803045,0
34.30531001723968,9.910887467365722,722.9242428694128,0.0993150634597276,1,4.664931569374608,0.32766460283941473,2.110267518584657,0
24.404432673870662,15.474093115078421,582.248253456675,0.14367714368387963,0,7.440703658547091,0.19531919104273718,0.7527073549698466,0
39.12363392224877,23.544162115241406,1050.791113909494,0.10058564832918009,1,7.947868198422702,0.36222035676977155,1.6216481174002335,0
31.254582974218483,14.939901606871517,894.405186247068,0.16770596004248042,0,8.723633606437648,0.2545871444884565,3.9968502186888513,0
19.38357524898118,21.178825067491697,645.6209758454687,0.1896038193098216,0,6.968164309995515,0.5011539596870143,1.076393037391208,0
19.559802227372074,23.217635520633962,808.6866409822026,0.2814283525751836,0,6.113810252087859,0.2645080649509244,0.9159295150957709,0
25.10073920625436,23.337784773740623,501.14031887774627,0.1083870066121718,2,4.539723512483825,0.054430509267900495,1.724610041181926,0
109.77308958733036,9.10897688065716,1785.2462205589914,0.7545850257311741,8,17.334547989920836,0.633090160423917,10.138019160209023,1
20.85383825381082,10.733902801425259,689.5035016487644,0.3864115622654515,1,9.059765078260662,0.2524763538095803,2.687564351994137,0
22.323990113272412,16.14272136411606,703.4273904679228,0.09079428510531999,1,4.625069196523123,0.1883169122877729,2.33246808375887,0
28.302247415491987,18.775327091851366,453.67262318224834,0.24083300677788716,1,6.709846808592736,0.18195040563249937,4.0277396931480585,0
18.434541453186316,11.247065716209741,317.2629686688181,0.09353429409517884,0,8.067295990737774,0.46857116646141544,2.3821305043966348,0
15.856237617355015,22.17723818888051,776.2274646975584,0.14178129238822013,0,5.334589562789095,0.07329896349944498,1.966235218602346,0
19.277570325920255,23.614070358884767,685.8895637495416,0.00854289550149087,0,4.729066608379661,0.23750202696857847,1.943059541275207,0
4.042039167282045,13.4204450607449,601.8396446927485,0.027123821904381725,0,6.9796685585144465,0.07951313982693839,4.215544616204765,0
72.5241075751762,6.253909496512265,1977.6654661505477,0.8275685623378866,8,28.217707545602646,0.9227104571927599,6.979217917164568,1
27.581748482704715,25.534536753441124,544.89739173315,0.057148728540255406,1,10.241951932498777,0.39668732901546866,1.497883820135955,0
14.912928365319639,14.863661876885763,481.89368311961243,0.2687855279113348,1,10.037436705433588,0.18766493197097384,2.0505363427929115,0
31.015464261494195,15.890919095752148,793.3165082084216,0.053818601213343184,0,5.263872186649539,0.26987945883388537,1.37441936231196,0
23.25855037418224,14.546173042573356,426.3500882139173,0.3141964190460815,0,7.88704747692483,0.20082621512092727,1.575277783861279,0
30.037030735388896,9.560033418910667,1000.1108945942458,0.13546720682537072,1,12.003290070270225,0.09870432333997325,2.6138663461407803,0
21.126127417069988,21.636059708073837,922.1597596553795,0.2042879520106728,1,7.393127095284929,0.3722065274196185,0.550849476887113,0
24.847870336778488,15.393022635406107,970.0871783441244,0.12772448189962088,0,4.871556979328985,0.1263479663653328,2.6528238755197853,0
34.902530495787694,14.814018269989095,770.773517363123,0.18299179693830417,0,6.7904161662105444,0.32943011319770066,2.8311199979939046,0
33.71160477573893,13.33309987445475,447.80401353588866,0.17713664465627502,2,10.87997678295267,0.0007656872069935206,1.742448428854696,0
23.72049176029258,15.226348267769746,782.2924453664659,0.20510055670730637,0,9.032187043293934,0.4122174918869854,2.3644797278464913,0
42.1515527146026,10.667233146648329,646.2855402360573,0.3662238324949724,1,6.766979243306036,0.1999613909879566,1.6448783445095012,0
8.008834205521545,11.975155399487592,855.7839088714899,0.10550374155209304,1,7.657865787848197,0.3858582869617828,2.488927239639029,0
17.147930791616393,19.025192628767652,534.1277904493312,0.3405485332231829,1,8.260297552855723,0.11104008365664345,1.3634946373504706,0
26.670908760038042,14.12056269454484,475.32878023124306,0.06667883649405998,1,8.020455290339214,0.23471888829326407,0.8287838266227303,0
17.929140510390937,1.8186801423505692,717.29974186954,0.2830012514428022,1,6.51934352513397,0.2922108593489906,0.0,0
15.153085468528358,12.863497044546797,930.361626574674,0.2624708973995449,0,5.868977423564708,0.05058711565207433,2.5175200991574274,0
30.5211519336889,24.19106723681181,737.2593812879371,0.27001509086370856,0,8.853733771503917,0.14692870687338808,2.969548066889097,0
15.39762874355379,21.558607547810304,661.9241986575487,0.19416754399107133,0,8.505364630572114,0.2093757551130472,0.2921620738604558,0
24.55561840882705,24.652221483497446,737.4915689226073,0.11798706789745739,1,11.233493642959301,0.16506705141705919,1.1696994680157924,0
23.785719239715334,19.536178405883255,483.8527734215719,0.15177492935718093,0,11.969939907173309,0.1738570245574416,1.4657597280370736,0
32.80436101697887,13.014299301533773,798.4958832038093,0.3337276227208958,3,4.916304909118942,0.32345981283029956,3.3148146448442812,0
24.787888996406267,30.45240479187263,743.471913032328,0.06570181496950478,1,7.137274096855431,0.17788154431485442,2.2708365158339547,0
29.10613946490685,14.538648782861108,705.9148845787968,0.20759848229117908,0,3.6710465293335557,0.4780499306477608,0.0,0
38.02892436457034,21.503569111955784,565.0514140209932,0.3565784089110811,2,5.823691286024499,0.21055273065719787,1.8276698432754341,0
37.63370252405913,17.357817840272652,400.83164898441777,0.0758623760665526,2,7.722831047543959,0.2218197619313276,3.7760872803800645,0
29.15477211392938,16.878770135031846,822.8319207547789,0.22890498478197344,0,5.072833110939917,0.19922666967702435,1.9489393348850177,0
13.415325268021407,17.76266907686007,707.4983630170298,0.24885507089522804,3,4.529439010467451,0.19661450706079658,2.890522177645469,0
28.303451634204993,17.579005731248117,825.1762774207606,0.05406086991653429,0,9.355089449539172,0.3398617839598647,3.332076192716774,0
15.469572022378811,7.327678506574328,819.5920340107751,0.13817497735551246,2,9.366647620886313,0.205757701075643,2.7683339922903145,0
27.003942802767014,22.541931699872112,562.3762056679035,0.15131409534192508,2,7.595209885594245,0.2762214732236855,2.1347074681028047,0
36.62827261725853,17.24527847940211,605.8146645874992,0.13905973363282673,1,6.9090700477419915,0.2532707756268768,0.735232716814481,0
39.65167012683483,20.294458477104303,884.4679703793612,0.20532503670475943,1,10.239649209965297,0.2389464402992318,1.8482662415794924,0
23.21229771739319,11.927373748438995,784.0257994909417,0.29433285894535766,2,10.090514339509486,0.07788241747102756,2.4968125071359215,0
16.52629182488839,13.098385974076583,650.5516115836097,0.20921718449625837,2,5.72915378632849,0.22015937280761563,2.021865742182223,0
21.292658457500302,29.788350797498335,632.2887883103398,0.20538984967695284,1,7.145449254806575,0.2566592571751668,3.3640819374650173,0
18.28222526255379,9.933296933794338,729.3789990521021,0.09655889319656744,0,5.997507723533042,0.19266601607840547,3.023776301620816,0
18.58178184622705,19.526525059807277,557.6739089047737,0.1937617113866007,1,7.639265351834953,0.058978807121353005,3.1302197718374813,0
27.85690057209397,8.030879626386241,793.6006635926923,0.14629598786836442,1,5.9657258391024754,0.2646509200958443,4.107118523206022,0
14.374511608812556,28.12284981043539,753.6361570296638,0.3727843429255102,3,5.009192793950505,0.19026352344625175,1.7604076753462912,0
35.44383045723463,24.895639957714053,635.1110707757539,0.025372105379636464,0,7.009202174194278,0.2595735833866563,2.7495817433076555,0
40.17434386123158,22.35459974339215,955.3818932232742,0.2371269235476506,0,8.602161927576372,0.18202667723996196,1.1734848287539443,0
86.22579743014828,5.442986614265665,2533.4361725378953,0.8248443530492918,8,18.127329246248745,0.9714976561200837,18.472991773009138,1
32.196799003466005,19.12060058686247,695.6796842361301,0.394542315801306,2,9.23249278103625,0.34957812283775286,1.684797073836521,0
84.85613910787137,3.5291021592159133,2220.3070434827664,0.882721438484202,12,13.25911477286255,0.7783659095699625,11.079216925380365,1
25.465669747568,16.61439281874793,901.592088434546,0.2778330853009068,0,8.487803353760587,0.22995253908421215,3.208682010835303,0
27.458396167012875,13.467702405880065,821.5477899717725,0.1511930095975218,0,10.016095182838306,0.30293062117905734,1.761847064956142,0
37.409215804180185,19.71519234434943,465.67499412341806,0.1775109220008375,0,7.33407400145271,0.2732871307740251,1.0735329817588828,0
15.104394312975344,16.380750388239772,843.5110332509523,0.4409077903717468,1,4.501209593880944,0.32790298676301294,1.9118761589933053,0
14.438134343834863,11.263667870626207,698.6643994612235,0.15823365654549446,0,6.673547143538187,0.3472617642707742,0.8657195468537664,0
14.43634709532579,12.127417705306156,353.1937254634651,0.11589714999196073,1,4.7840339159141845,0.13895742507475572,3.5885072943536294,0
17.48096170938116,18.880282118599936,905.5503804726402,0.2390840446712934,2,3.636845800465119,0.26042279391284073,2.2848252786236363,0
29.706537651876612,23.896145903673084,650.5807070006546,0.12852061743707213,1,9.505231439239115,0.21254677406127165,2.1509109636250696,0
13.785191497661753,16.685396827146814,1171.29947889461,0.1502926594639267,1,7.032631203371554,0.2262288957854121,2.5882454459516295,0
25.781408788390653,18.493703935652544,538.1834126302514,0.14723110525945104,0,7.385120469065252,0.28142827550730365,1.8161307001833793,0
27.368962216516607,21.46243276308324,1095.491035906895,0.08106864671821905,1,4.8873440013885165,0.26502886315767743,2.931269595995574,0
26.477070868258433,20.00197263172169,691.5281367098444,0.044484029946885245,1,6.338043652772789,0.037631698267517055,1.9980943670112428,0
31.819466678369793,20.66557986891624,854.2580033083976,0.4066550803242884,1,8.899045835922017,0.24192943477828727,3.157553191675312,0
8.460463199680987,24.400048137534924,796.126397344197,0.04244614041125444,1,6.709497411490023,0.20511961988372185,1.6886521128873024,0
27.088442177439113,16.781727683742044,840.9854294787422,0.19134700578479785,0,4.882992558008375,0.4431940374759089,2.731909906172367,0
23.860964119829653,20.828493338318424,697.9938207382752,0.2778143644839489,0,5.989966299265328,0.05667099283344268,3.3087166789222824,0
36.22235448748879,19.961564242584977,694.6419897025838,0.044228011027177334,0,9.891729319284062,0.17428731531839498,1.8769484090101005,0
28.85977932194548,15.43871358031548,1156.884556383385,0.24737174639914913,1,7.243629411549716,0.23310347933374892,0.9708330892540669,0
33.66440994540221,16.386667856671018,1159.4424350517602,0.06041258049597313,0,7.594789707062216,0.26702020494933654,1.8986750837701043,0
21.20043751071235,19.956798133452708,458.8194808830556,0.5074491542892355,2,7.363026663015109,0.30759044369323363,3.0065957152777,0
25.938619066470256,33.79429238902435,708.9301720648541,0.1500154104844503,1,8.013754912781122,0.047634602198783266,2.609175233440241,0
31.50289695071168,14.33089318204831,749.2611094942255,0.11702643064116602,1,6.501271796748108,0.20336960225550874,2.5841314848188115,0
36.80284973559642,14.903731630695756,883.3763715539634,0.30419661978682755,1,6.3467530218288655,0.21265703049838192,2.8099568133525077,0
27.734047806217276,27.303002956884463,296.0348179172748,0.24899825977302387,0,6.207707820125357,0.38466434314344816,1.0828445086289515,0
21.24659478316236,20.954707584048894,678.2442762979487,0.1238508814247025,1,4.351826340268227,0.27545997698709196,1.871973132016762,0
42.06426699725013,24.17493382395386,482.2818099545257,0.338797972861458,1,6.265859188036655,0.15087096183596788,0.0,0
42.523645006479825,4.733188145952688,795.991207328287,0.06105446006408932,1,9.601053717192013,0.1597809559527834,3.556307388480274,0
30.978348840986094,12.144760482136004,726.9054506671024,0.21465442617909392,1,4.17541136014029,0.2287498635308835,2.4451042548327067,0
12.098273030482787,15.77135480402525,448.5389191992936,0.32939731623039953,1,5.861945275449613,0.3482178986766688,1.189024366074277,0
34.43437747251061,21.951265636036982,565.9073155249578,0.45730325728100435,1,8.117301830027621,0.1541023756465552,2.144907969330904,0
25.65499311509058,24.54904111153477,931.1439671216747,0.03164816937769837,1,8.24304369723178,0.27844756294644724,0.0,0
20.972194767070405,24.862524259241574,474.9856356563508,0.10673255116236581,3,5.515503972867595,0.12537359860655695,1.4448862636722877,0
41.4859833990559,16.938316635035704,712.4629834773635,0.1820619722151928,1,5.177329393815807,0.394985351977335,3.857928760058249,0
20.01840384143525,24.08622039010878,486.96421993000024,0.03803652663738188,2,7.693272393131678,0.26088037097054084,3.2570797684810704,0
14.564243995961174,26.29295394622516,908.9019097970912,0.13731590977206656,1,4.457158445749728,0.2245896545964446,1.8268161606038258,0
31.978565093765425,27.477432874384274,1210.2524987959728,0.03846458876388181,1,7.248313181942606,0.26508718712754703,4.205529568265414,0
21.055992522729337,10.322538199585791,406.51439111799505,0.17859529824570855,2,4.007601691847997,0.2764584536029111,3.1375390131506347,0
16.97976508289753,16.144967259188164,433.8789758879348,0.33779548522280367,4,8.990422444954797,0.31755099976797857,2.8821137720755066,0
27.85612388772038,21.105954122814737,349.54137862303276,0.0605811740484231,0,4.451014235001955,0.16973386097662854,2.868663042355715,0
11.29492376727298,19.735011863446907,902.1968262573091,0.07456855515273485,0,6.814034416820998,0.359048472490764,2.800765426739591,0
18.42223683546855,20.577709314795516,616.5918969827528,0.38301968557730715,2,5.958272669698287,0.2699485299442913,2.112657688750646,0
25.481841679528213,23.226748220590153,1156.5573919775584,0.22424263862489924,0,5.721538877439736,0.0782938051557951,2.4334728316423724,0
46.76135333271695,24.565149110825693,887.0487832649684,0.08755403055419804,0,6.573055728001163,0.26056538250260614,1.0336159307317996,0
20.26742888931336,19.109016742169242,554.1617981387914,0.06557169303927586,0,5.3480316439469675,0.21808300853974055,2.3909405982809195,0
22.844745324443537,15.063363344890668,653.0425683953542,0.14549552205489735,3,9.109718138421773,0.2722235636630524,0.36944279775269595,0
51.874553559985884,5.259663832576065,1611.6640854649684,0.6764248557385433,7,18.730241468013823,0.8160680572065797,4.760599823262899,1
92.65575630154129,2.5815709390336403,1888.6262199990467,0.8958252992445073,9,16.380176347661063,1.0060548539416176,5.517886620130748,1
23.008286812167412,9.724084631912836,684.4902688269999,0.11940476409315445,2,9.035372825472718,0.2778298979127832,2.0841064878884907,0
19.787197219153462,20.936247367367507,799.7775463330755,0.18984332929057132,2,5.138671564079226,0.17282887798194596,2.3000568255112896,0
33.79021481589752,18.732058887872167,547.5608564849003,0.1364718605987405,0,3.595742586923224,0.20144659613605023,2.4999666922598496,0
32.70700903395458,32.67451187770096,620.2629928913109,0.1017750905214831,0,9.820427609628815,0.21177727614338482,3.9988717359397143,0
18.733973661310102,15.243834602758536,430.3315541394849,0.16337942791653526,1,7.806937836215835,0.09265502398977812,2.037626323845019,0
26.229800847564224,17.674230800893127,260.39584940293634,0.10347641964174346,1,3.6602646666525387,0.40568818365466924,1.1820729064145337,0
28.550555425169826,5.508423552697668,915.9884071381507,0.1014183026583668,1,3.708814771916372,0.32633341509338765,1.801515541484939,0
25.36457471923051,14.852878402321359,1055.0164791929024,0.19884184324365908,0,5.69119620966297,0.2903436862871291,0.6111229903669859,0
27.4123787386689,15.551547761870692,743.5403723617825,0.24798561216670703,2,4.0744673857777585,0.3091415509286386,2.123661495151261,0
31.328255576344375,18.11051027513731,815.0238073678099,0.13488117389911466,1,5.975189570751764,0.41315717376547556,1.601563840651221,0
23.292422786305224,18.17853683697447,357.70295783520197,0.047976638247675174,1,5.3679242092114565,0.24882764967908066,1.1009874446156989,0
21.22454507368453,9.554929831693073,1059.354937106241,0.03777765607514363,0,5.891324065373338,0.4218407072648461,3.5825549693125325,0
25.041949597745464,14.175677236160894,661.50885352701,0.1764944297282443,0,6.185237265236378,0.26270927488427975,3.0338053760086243,0
35.8309789933233,32.731800839465365,636.1396002784967,0.12195985778231058,2,6.508242488499132,0.3699875483780683,1.6078184388024157,0
20.469618163177824,22.6251911633218,726.4068918780175,0.034569996102658665,0,4.608752458289575,0.3046273609557666,2.5476557719191923,0
9.383297603819985,20.83558489447826,906.9696613574075,0.1582488203130502,2,5.590355658004034,0.3420598242711816,1.692899794312173,0
16.002863265297044,8.905535310016608,879.9085858240632,0.03497474714790016,1,5.281533715807157,0.2385282875875421,0.0,0
26.39662250265471,15.404650873082275,839.7377963700333,0.08740625359451037,1,7.17015806395998,0.38662389899657323,0.394905035956054,0
25.19608139407154,14.896269299397767,940.0882265307391,0.11318169623911661,1,5.119079420428486,0.29971548283534394,2.389169810223448,0
15.286491097698143,8.578651680657261,671.4394460586462,0.08012574704451594,0,10.409302011856271,0.3129980840347535,1.3385072560718618,0
28.788739445081454,31.624157146826377,842.383106734603,0.19752809046471256,0,7.824218322040573,0.2771107034897033,0.822388992188227,0
90.8556580424864,5.285899220230777,3369.564475784455,0.6033982314428837,8,20.37788186335019,0.7093572418361576,13.030823760508047,1
13.171824077060581,27.138744463617943,1106.2601391304866,0.07808028361198091,0,8.793177308472037,0.24011085676030744,2.6716981838212592,0
40.56880183371479,3.4551700179788236,1832.5981463948208,0.7294098454948151,13,20.15745781130998,0.8233516244706409,8.537099737135112,1
35.84992022856658,22.53234735495454,1016.825787398884,0.10753444942647503,0,6.092415029671832,0.2128725287385747,1.6092680855918116,0
15.097476009385208,7.784498374572959,354.48986720290105,0.07207506758809691,1,7.386640649508932,0.37654455198916537,1.2894699206737923,0
20.98594365132371,18.284392027898484,445.1597683776406,0.1831502039890791,2,5.420305121901491,0.08574466463668787,0.8415868274272098,0
29.039898231843658,11.513620034400617,666.9877708528442,0.017317689546294025,2,4.928178029975087,0.29255942534627966,2.6802154559028235,0
28.78590099658836,22.939023503771487,926.6623598870053,0.1563801238798707,0,6.059512815393438,0.35466748272809373,1.5957544008027713,0
20.793959826553913,13.39321460937523,910.4745096948085,0.2672722500894521,3,8.680638255169697,0.2145821244464299,1.5436969674773804,0
30.252428869070638,26.976265868935098,618.4648469410567,0.05187846455905437,1,10.34780317748412,0.2158825419329989,1.375601719746421,0
26.935698172528273,13.801646952044486,754.8644104163661,0.10775282398577607,2,4.229143463771019,0.2756221836081978,1.8030093517856849,0
15.233250800231822,9.466477742413955,589.5480706424255,0.32140835461028117,2,6.23613545654927,0.17789499704770106,2.415272579113274,0
20.194890480649562,36.473284850731424,1044.415286431555,0.2233859011633087,1,4.724524008377216,0.06380498651259525,1.1242764145001458,0
17.883884562995814,13.257153267328128,689.6774726465795,0.11279910725371585,1,7.285618784885166,0.19147331991104602,2.3917765223469427,0
12.14013412351018,20.87387895447835,937.309783354885,0.17075683223444213,1,6.239185485178307,0.11790746939366989,1.2101156908330801,0
24.083681237979057,14.173560094492103,758.8263090958186,0.24154362881525063,1,4.653460887992139,0.14091034100272315,1.6734091725491727,0
26.959732568869782,19.629473023172242,572.0301989312984,0.1426237651548761,1,6.877796172497268,0.2578902831144564,1.5785222526942269,0
10.061878459266016,5.559658605551103,961.1466672232837,0.0651243950853248,0,9.187395281382884,0.294556458127749,2.3765101381706204,0
13.291880414943051,13.21862846717714,638.1579355650899,0.3359058862202547,1,6.376025982703991,0.09788700483054205,2.7316011021584403,0
21.919341756669468,29.456499842820783,777.4521872331453,0.26502807491528163,2,6.18272817492666,0.443438852790853,3.2007589615369065,0
18.659834092538397,15.83420300508552,634.5360292608018,0.2365437982033455,2,4.9723881347202745,0.3388773117011151,1.9711973053255785,0
89.70627171216253,2.4473281587469247,2295.8159810336947,0.7641214887490648,7,25.930727370211493,0.8490361488528715,6.195589585074062,1
42.51842346574138,15.478879097424857,742.2508056278069,0.4097225451905858,1,7.441617015776183,0.15720787005483533,0.7409343740692538,0
22.882745334096352,18.334349473732168,1030.1671539395484,0.1628449850373266,0,7.9458341690509915,0.2601685395447298,2.781173856610691,0
26.370946249519765,26.879664833340154,891.9406122216318,0.04991938664136601,3,6.42899260605777,0.2325179636036124,1.4133272256947906,0
64.5924105758319,5.1508354852249205,1234.5735303734966,0.8326355351399022,10,18.930624162226806,0.880361129231081,10.175110872453686,1
39.042726739545635,13.210216532769277,816.5324059584808,0.04350669034538311,0,4.5625693426502485,0.10738776312388237,2.970804852537203,0
29.120282137669278,18.083575751477678,834.8102591137654,0.10488709557421799,1,8.396641631512404,0.05340710058530218,1.9331090584052737,0
37.68813452916282,20.44951653428683,902.0296533205088,0.030731907782978404,0,3.6210853233696105,0.3624837060115702,0.634859323143198,0
12.845040272367893,8.660224958856578,1061.2433352300013,0.12613227116644493,1,5.857251495165446,0.11028476934518483,1.1652796905501936,0
12.727086634115022,27.28503120798037,1005.845660783809,0.07208662477097681,3,6.587750985494718,0.161362485936002,1.4893013864902354,0
23.126773002213312,14.818454289765356,742.0417949643787,0.2893079664523231,1,5.043355584816114,0.26361377401312874,3.2279373473853306,0
35.13528919349298,10.3174238850223,548.6069240609008,0.04946386441577311,0,9.01600800858652,0.28208765111845774,2.247787181052082,0
20.889064661306453,25.23905379905014,399.28668634860736,0.19348803369983011,2,7.239197356434898,0.13131187704059286,1.4445552071349985,0
13.677034063596686,18.5195387248374,1007.8581960489205,0.2759512889145861,1,6.230408931653869,0.21036836334315837,0.8259258683910253,0
25.5142401527637,11.336544927205027,766.5798023525873,0.03150429718223413,1,5.51603314381611,0.2596676121140232,2.6622501856957386,0
10.930084108615086,25.130359640688503,831.984320599165,0.15380491203865237,0,4.821300006829001,0.293429607599536,0.0,0
30.211130010446382,14.73945137319741,809.050015353973,0.18900409368939428,0,6.561936371295044,0.2392005349836132,1.6143153359494682,0
18.473517720276494,20.828810142815975,804.9489819890867,0.16182017348880687,0,5.844498983691646,0.1259645747849028,1.3391392377731457,0
25.040907653139687,20.22687524022785,574.3406222477847,0.16249215161889552,1,5.158834211988243,0.3786625810103529,3.0325568123535973,0
20.285081944446308,14.251088533825927,567.699118330733,0.193761391823808,1,7.1539662828143085,0.23738682396761554,1.546892410624912,0
31.07175376394614,18.63858136615138,780.2914205425695,0.30979730586443227,1,5.889383889227906,0.28179083840956753,1.863669157534316,0
23.514728186689464,17.69857134330518,992.413556629135,0.13378173913252667,0,4.020725157127782,0.2682529280397439,2.178174084769435,0
33.45697780975132,16.85796793149835,547.7802246261263,0.1439109513940172,1,7.042120396728719,0.3482319482755443,2.4145943505406158,0
24.892022202096527,8.361322078454565,381.4369419084263,0.1907814881730998,0,3.8931444030664144,0.1548730606861698,1.7343781782194623,0
13.558868976314939,18.901810568771264,824.0600064115191,0.2205074690976735,0,7.71860516017151,0.20436135386625245,2.392963752617827,0
31.333301551703485,16.51488818669097,667.6595596417325,0.2927492845526376,1,7.754184187484952,0.2157034833843346,2.3778832675832344,0
27.862298882786266,29.09373656967207,919.5622241691235,0.2796860280013559,0,6.713768526072444,0.3360724677240118,1.6608697290721008,0
27.932785968774787,16.997291518098873,138.1373503215699,0.02236086014845267,0,4.683428007267992,0.25280787740479904,2.0571178405511747,0
28.005584146765376,19.867500927261215,782.9866125141946,0.23654544729864804,1,9.095702262930313,0.37624898948769503,1.3301966419241384,0
30.16300759668118,17.80123816275722,714.1843712582264,0.08003446149999983,1,8.298729368675053,0.31992305807201404,5.01471170930221,0
19.15706694626291,22.33003238425941,770.6985873990601,0.09163557530274782,1,7.59416690298167,0.28961994003841796,1.324626761196712,0
17.584556227375337,19.26610480321571,150.13074272781387,0.3001128319997766,0,9.329166942403896,0.3830381685658061,2.1868597022320686,0
27.24793494188026,27.99284666677546,821.0114617854014,0.07214443075467304,3,4.699655879371225,0.21780156335407486,2.0446077244342895,0
34.26876463205923,19.679811757918923,952.7284540818628,0.18044713413440303,0,6.025221167419789,0.33144248986165914,1.4459262727660103,0
35.94905246025879,28.767347181106725,265.3973554021483,0.34565299360202867,0,8.622407055725347,0.1283340787473149,2.626594799995895,0
31.50813773895736,22.982014899265472,749.3794000831939,0.04835755459347619,1,9.629559651193007,0.2402868890842363,2.1986758575300827,0
16.149320207951774,16.566311718801543,743.2346573343234,0.04178859746488774,2,9.911161636978708,0.25108787582022307,4.768892309627609,0
37.39947524014032,19.489323517802017,1046.2770879238074,0.24033128441534582,4,6.731709647467085,0.15999457673357506,2.9780718672971,0
25.79721092070113,9.128482525320951,834.9739540006917,0.22651753561688412,1,6.558714499768456,0.1749638971458189,2.5663065387335866,0
108.33136361288604,7.40918915873678,2491.340406507593,0.7082734417206924,6,29.501342121554824,0.7889264840501763,7.146446888836132,1
21.244204912520384,14.678104167916908,842.0065198510366,0.24735485817433106,0,6.558115476990479,0.2654048077701772,1.2304376188348758,0
34.26488698800054,13.637176945050788,709.6385238354042,0.09161187881332947,2,11.781532329535448,0.16307476447840835,1.56800062182919,0
110.94703484906103,6.302550088237377,1731.4414773806334,0.661936557858982,8,23.45809287560694,0.8510981256274727,12.149768019278955,1
31.500206579153584,14.539372016590004,680.2581472568102,0.19698745759821956,1,6.787024233638905,0.07582964469198228,3.7485759140585335,0
18.368039912623424,12.460600523334573,727.5493905825396,0.15530233241445562,0,2.8840664932064897,0.28108581907948116,1.2554394596069707,0
11.200657339895738,17.326031701855023,679.0349828748706,0.05360121256089707,0,8.993049267793161,0.3838025402628851,2.1428510129920797,0
39.926196089158054,13.357264805378563,694.378104381882,0.24447566387281774,0,5.437406586353883,0.23609496802128013,2.1933527795983148,0
30.907732639963285,17.952164152100295,418.33303229240323,0.025556886276911415,1,3.6892622371883967,0.29597805840503133,3.654754358850542,0
18.533613717158786,16.309292346836955,631.9943778754497,0.3707022072462359,1,4.97955519577629,0.1909325438115148,2.7870165696408917,0
100.16971112294748,1.533061003927624,2494.2503931305973,0.7680998407230167,10,18.279680216478866,0.75900482562749,8.076657219326066,1
25.375844750117935,25.13409918664531,533.7360649115742,0.16273995173657174,1,9.942787096697607,0.25869702175753584,1.3112642820494722,0
18.817398283699426,16.470136695474867,1228.7514287524205,0.14505328508279708,1,7.319295538815806,0.31494304662030626,4.149553263732809,0
21.91749122510592,13.330171647586123,457.2103502125304,0.21450509991174338,3,6.832145490254649,0.2730101173469863,2.268718527304668,0
37.01885641676822,22.091348937757868,732.7068405844645,0.13791960681472287,1,5.647517583515152,0.25059381694151495,1.293095220862403,0
15.5339318986738,33.161594555241734,1036.7651831156134,0.35010697308407,2,9.424317377100662,0.18136631530651748,2.3126509912073225,0
22.428913266776053,20.75508047537062,578.2105868242412,0.0731097626291726,2,5.6516188793235465,0.2949900229409393,2.3034371862498237,0
8.798859306739143,16.55804761105119,961.6835075634209,0.11810628499078027,0,5.231683040112464,0.2578777727866333,1.6584233677816425,0
29.11028760729767,17.85524947733998,468.2485761017956,0.356735895320335,1,6.494096601548472,0.24171393274640846,3.454656478829222,0
32.63201410794562,17.80348037870401,891.4149007515259,0.17035146001313894,2,9.302258811916381,0.14003527059507376,0.10809609874637616,0
19.456723237914765,13.645537121079206,796.9044423512878,0.13892493632905084,0,7.759100609224459,0.24227825565320504,0.3166553054271677,0
93.78406606948471,4.891081721078869,1250.7384849677142,0.9019730159140201,6,19.86869603365074,1.1649767700491451,7.23276104546814,1
32.34289557643821,24.294055355021335,226.25417500718277,0.12122969932855075,1,8.31678502384498,0.28383840268111415,3.4898026315713535,0
98.58356239749997,6.612730849315417,2148.933470879649,0.9162054430134591,8,16.230689431545194,0.47504545647858903,10.994943001377289,1
76.71591312107537,5.626223537147784,2599.029936676171,0.6196593561380708,8,17.23411377326365,1.0179609317993725,10.205114697902976,1
29.88296212346772,24.321850779647036,819.5255663880054,0.08904906952898418,1,7.180365274993799,0.3678948399236668,1.201079344081235,0
27.487260524784038,23.629702835855987,772.7936510871806,0.19405674115866187,1,7.434833151373427,0.2039167660203237,2.865244950343942,0
26.04592461828873,17.658326257673597,887.7514229316677,0.2303576554374142,0,6.496838338468842,0.4348350629267427,0.7215800776428518,0
29.486276210945874,24.759390177286544,62.823816797388304,0.24187173097842574,0,8.574061673743227,0.06961108739913044,3.1667849932032075,0
31.296676829939617,17.66649197453727,73.32062346138343,0.12768442440243014,1,9.80988465843624,0.1379816561312795,2.1286529479542167,0
22.59117043528569,12.832294792030417,678.1813099685357,0.22464406856827346,0,10.302473157374573,0.24388115622209783,1.5885288258620394,0
23.10545114607993,27.02395793149613,687.3238646526112,0.2670383087861031,0,8.142816775437561,0.30817789597188894,3.833484577176981,0
20.204999816369817,14.667137285038471,918.249316898035,0.2392541683019555,4,6.276734952765683,0.26381906367840147,1.5882784188444081,0
21.42788038346383,15.98529180425923,684.2477229289059,0.13991376762799734,0,9.65193994095018,0.20343047598811634,2.0228575098451236,0
23.382458780528847,22.20185927645395,1084.9068835011267,0.39540093904046353,3,10.864918994899107,0.28350212958021026,1.3737085778123812,0
31.197072427434694,28.17873820974023,628.5370956281031,0.22773824389691205,1,10.011090383811656,0.3011326644162355,1.1181033784568657,0
28.232406854516306,15.528738203265195,786.5667847927849,0.11653164658188303,0,6.064355634335468,0.4010110679930411,1.256113934674416,0
29.893410310726942,21.377815420143424,1017.628212896117,0.23008002290722063,1,8.359151370321282,0.34365041167304883,1.6047849982159492,0
20.384770754700774,16.716066934646946,226.3640695504538,0.26202085131046593,1,9.254748020891112,0.2915176602323072,2.1981316511358755,0
23.89388559063052,23.73085392300743,613.4654612879806,0.22010397289809855,2,7.629412615108937,0.35000217150928226,1.8278557262915265,0
24.738442015247255,21.043644186643785,700.6701244337512,0.23419587619566953,0,8.499899941302491,0.20012348128063684,3.2932592769301507,0
120.16024547579553,4.000559001160415,1987.5504553985966,0.6346479043418776,6,16.77829866489008,1.2127069381846525,13.765437365124711,1
10.895678757098128,9.703201614213985,753.5346788509922,0.16617371175348228,1,8.239618215060602,0.13920583290850042,0.6841142576737613,0
25.54014785128087,30.0612272325981,658.8663133432019,0.1266031520639316,1,6.651698780501559,0.3372918347333287,2.280963321165099,0
23.242624897299905,21.831554752664243,872.876034903183,0.2807446890489483,0,4.157693719708758,0.3346946501769913,1.0895592894331774,0
17.497399680679017,18.35531060408693,471.2206960323832,0.05475602628180629,0,1.2002124394500022,0.47782430705822754,2.4186480208169057,0
31.580359296825513,13.46189552829418,796.8031790117332,0.30859120395430945,0,9.798566682540102,0.21070579981935955,1.4363173376683551,0
16.804898869325683,20.394816686112424,338.0122756694838,0.04289023077101535,2,6.261226535872631,0.1628229311958423,3.4035353319541772,0
30.488411679987514,19.34272770983339,668.3007377412446,0.2016587050846595,1,5.7502471644689,0.08921051935709307,1.7753770764085224,0
26.792739854483333,19.602301595215554,675.5302665032859,0.028709333886258567,2,5.459234122567753,0.33685098671195046,1.632682353331482,0
32.74915992426311,11.221758872054291,250.81832894665604,0.19920215822470055,0,6.397273759119629,0.21646000796211717,2.9575547190218847,0
20.490203577568202,8.03423439890405,1058.2472570882783,0.3503238113916686,0,6.574842744022864,0.11316369079459779,0.1389600706678853,0
90.59733846515651,5.082250137283754,2413.0515654916985,0.6311515956365162,4,20.966897259620794,1.0428717235429208,14.035442861357243,1
19.58462399755233,9.608594557085153,424.6613266781023,0.1707974102590225,1,7.957637496426151,0.23400839771645598,2.60011895079661,0
26.85639949886109,24.318917119997423,430.7331413123036,0.28401767207708223,1,10.6877973840039,0.1682071990312393,3.0016535033771,0
22.979454788854717,17.77419178545091,924.9654950421209,0.1469012379285483,2,7.1939403535216995,0.1958490999553759,1.187638105712478,0
24.082108468264806,24.95597882018549,1002.6554989285563,0.0626276392625961,0,8.695864346706529,0.28611997437513986,0.6714974709848764,0
9.693758042737617,19.28387946440533,1047.0397215479643,0.062375036432326454,0,8.586570810330251,0.29834398919300387,1.3892180549141293,0
25.16803073306207,13.780941449244676,974.5032559882214,0.3282017501103264,2,8.639776307963594,0.19066751103700658,1.8260535776638462,0
20.76191836986369,24.037756855286645,651.3878817574739,0.2923570540236407,2,5.681986483535333,0.44883339935805966,2.5586265327545137,0
40.00936671372709,12.009875755567254,811.7580919207596,0.15885297239103255,0,5.464976706465129,0.12387881481476906,2.669808098009338,0
25.081864488156697,22.45958456413629,686.229511862105,0.12605555540653954,2,8.041106115464855,0.24438657170404152,2.6167610931729803,0
31.57648127995592,18.656368767629356,415.1700753414007,0.3287655826346951,1,6.3441161594652815,0.17546765162929095,1.8348770777781602,0
29.99295853641724,17.55339942539972,912.0534056948801,0.025819102931538142,0,6.8000604403661935,0.2883082157044819,0.623385701677317,0
83.48539089499106,6.412257098218653,2180.381763150628,0.941759805330272,10,22.047192653211262,0.8088646812330667,8.80030002967205,1
17.644606126129574,19.09119753035097,593.6989782941378,0.11555828619816515,1,8.114608587560973,0.34395794123551793,3.8731044246247803,0
35.221319166307396,20.959907405285335,545.5618286825138,0.17305957513839373,1,6.746238571795612,0.2700451504340317,2.171509548194843,0
73.16012440476798,5.904128020303229,2516.0604736139057,0.976762234904168,9,25.83754911493223,0.7826102103872117,8.30741146041854,1
23.958855565058524,28.874691347981575,1171.9328081101453,0.25484183965088153,0,5.907777994522861,0.0791345752857375,0.31277625006429877,0
31.92604155336097,21.69561364166558,727.6268197637393,0.015307311293014996,0,6.7068829286166425,0.3608042858383234,1.801150256482349,0
33.24799617996761,14.096144585269037,681.9267407536348,0.09103022407371127,4,7.298838947018393,0.07918806053918703,1.4024742983655445,0
28.21369377679153,19.179328659069448,497.4518095225394,0.06451567514844617,1,6.939194466939003,0.24552544152440167,2.8946771424381317,0
27.59267175515836,23.55706528518985,646.9280672716075,0.2635270254964351,1,4.181786144488045,0.11912216879230711,1.692941681091288,0
80.51637885843702,3.6142697530559764,1583.193287982047,0.6211743742275273,10,14.772352571629735,0.9989297204383708,9.835664918983525,1
27.21352639464015,27.55911975983638,919.1787002783708,0.22123936731525376,1,5.92765566675202,0.13628212241974397,3.184253416031466,0
30.35738039064031,21.892259325537857,373.3224469410212,0.21294969986515602,1,6.803214034497524,0.1837093327720135,1.673337241549813,0
12.881222202513083,10.229527367618303,656.8030332013047,0.12473651431268837,1,8.19140450035103,0.19109097774685987,2.0265533537994687,0
108.79961636185641,5.064999725775724,1616.174108941787,0.7007992886576286,6,19.058987806135896,0.8735831349060206,9.923517614244401,1
24.41736869874502,18.439907803130424,752.533614985833,0.08992595862622359,3,6.141872246197084,0.32602134963301177,2.2654626594957272,0
18.970110685140085,19.34330414567479,776.2308539807575,0.2259292934399689,2,9.29412275568086,0.17815194802401085,1.6297744081336456,0
27.65010745122851,18.291129767668963,825.3488016510848,0.11359688062443783,1,7.06780156825092,0.219383414214449,0.5353031263060557,0
27.74894631654769,12.746290479691456,689.9710764017905,0.038303581974524985,0,6.543323329401115,0.24021691879000565,2.639903400983533,0
21.23169355505342,11.513660757550426,557.1589400854784,0.01537345992390646,1,10.369159492033798,0.3020487844774232,2.4209635271274035,0
30.07135217854409,22.277990581034327,912.0991770234386,0.05969526150474436,0,10.329603658480904,0.2938501769565738,2.414824482035874,0
41.977249576101066,13.773937856743444,559.4284155083095,0.1096512424745431,0,3.2791040001513863,0.15973003357774668,1.1895114176266832,0
23.193789596107713,4.188473011586492,474.1666341295668,0.1453028878563522,0,7.442955395351833,0.2465478200168689,2.2286630281367192,0
31.50807708800511,17.4236406016521,896.8833629277771,0.23781759498703653,1,6.610646675284006,0.18741154690985154,1.57728554030729,0
85.7935600899229,1.748436803849632,2974.6704633855297,0.6960606384088057,8,23.734904200523548,0.9139737506549613,5.5643591890036035,1
17.202546638181428,21.926193938124346,869.7737163426359,0.4069288657933111,2,5.029611194425304,0.1933489004768528,0.0,0
26.59247756458776,18.11060359839236,327.5495008770152,0.0553676614922243,1,7.821064028818504,0.17529606793007252,1.3228097623467057,0
24.287039683897692,25.015773542674037,961.9421804529951,0.35258257010712213,0,6.3588808349476285,0.36653274178021616,3.2278034334513466,0
31.85119035458778,28.014129151736356,691.8111079678348,0.29155311489152635,1,5.694383031660394,0.07119345049619671,2.7375128936228514,0
26.20315029180966,19.405288395219124,407.1287502172888,0.2347998338667183,0,8.61823213648384,0.30416456878505926,2.365370922215314,0
31.796816776168196,18.156546301265003,770.3520255113581,0.08105155896012921,1,7.248145451438987,0.34673112330382155,1.50660925029011,0
35.22141457518807,28.77526603857313,822.7182673974097,0.13832085980847192,4,8.520643750699715,0.3351477237555699,3.1408632156107466,0
20.944454597030962,10.339508545078143,476.75351924756933,0.1219144082352256,1,5.895883996445197,0.20386277852532103,0.8689576257041147,0
19.338644275049752,28.528765091906187,1195.5358771757478,0.09978428398274691,0,5.900790830670332,0.2335439030377326,3.6012983317775875,0
29.3767790493603,12.849853318912718,391.42684020406745,0.11352069354147956,1,5.479418104872041,0.12262825992745505,1.5331093830592002,0
27.37587738586549,20.263802958269114,1003.6200979124394,0.16563262711105467,3,9.640368394396834,0.40293041944868857,1.0381151377940507,0
12.594692551470938,20.030978444966486,643.3771617668641,0.4143072198056516,1,5.992991676225402,0.06124680969918739,1.5367608630774647,0
27.771585675975807,12.467008054934247,787.07677735623,0.12188671306313899,2,4.831257583085755,0.18900637055533395,1.8814912782850877,0
18.382152451581415,12.632356186682976,687.7308029153047,0.36688073922459635,1,6.773839328227529,0.30392804508806764,0.9927501415440385,0
23.123302932998826,14.376088879705076,825.9682118983549,0.1378034690770423,2,6.015019218332669,0.18900153784814566,3.5639001448995327,0
36.609148862360335,31.793388741715503,459.69119177203265,0.26997449908016574,0,9.74008732234198,0.27932749652603145,1.7094015226568668,0
27.630008877277476,15.692666734621048,893.0197039266477,0.3012277966306547,0,4.348412457291505,0.34034388624878037,2.4006918370857067,0
58.12072540353401,4.1255851061042295,2574.5069775370657,0.982070064191253,8,16.877447724557115,1.0557909103813226,10.022088044270701,1
24.902025817224683,19.066206005599522,577.3518072982766,0.07293529649852075,0,5.479163600377253,0.13535996932822156,2.380952835693413,0
22.477846042877236,13.722925303937014,733.0921591315869,0.20361618207345844,0,9.387289731146456,0.18970350998478402,1.948131136230098,0
99.82132086890712,8.484752169405079,2174.768476298581,0.8240463932037394,3,19.986069446665493,0.8519422410844809,17.49224537925956,1
17.72490036164209,28.058623873651698,573.7859991335126,0.13595148455646044,0,5.204024716911222,0.312194581095221,3.2433122248451696,0
81.22132055311994,2.9501438668284643,1862.854853707559,0.8133920834979131,9,24.85158100894141,1.0692359674903256,8.188423206289135,1
36.72519015137243,16.349689817090137,936.1989849691498,0.28516666326062384,0,6.878164334458433,0.17341900199412885,2.9264818751052166,0
18.22565025545276,10.260234601553677,643.0107279194453,0.1804239422545915,1,6.507515756102565,0.3437066875102031,3.360676036107705,0
37.304292531727754,21.26016115427961,550.1686353555262,0.34724673963392605,1,7.056025830717778,0.2649356201465785,1.8272631748329957,0
40.08948720968424,15.07436265556504,896.9425084061011,0.15791749669258712,2,5.390550855163237,0.2855431924093749,1.3477865100694943,0
36.530186312528926,19.846810613352353,866.9642897530883,0.18305684091369687,3,7.62895894496681,0.23957014886222733,4.33801140420633,0
19.252446229980514,18.169910256782767,751.4329005939645,0.24847773292393385,1,6.447360729747104,0.3363946637269869,2.097913737608642,0
25.5927582433582,29.0802439544162,625.8410863540314,0.2033043986158813,0,4.811270404899713,0.3358688511465626,2.5215025255698524,0
22.258283867785845,25.006692369958845,713.1186813824384,0.24790833199265702,1,5.217566103916201,0.1648836859750294,2.897543570303795,0
